page_id,total_engagement.march2016,total_engagement.march2017,political_category,page_name,fan_count,growth_category
100434040001314,52080.0,55029.0,left,Wonkette,96322,grown_left
1019871961378419,519875.0,1950091.0,right,Rare America,2982929,grown_right
103971336305218,96008.0,126475.0,right,Hot Air,820318,grown_right
104037195986,3905.0,3673.0,left,Black Agenda Report,23332,shrunken_left
10498053716,419447.0,601169.0,right,Media Research Center,1728105,grown_right
1061277377271291,1563.0,314.0,right,Knox Report,8256,shrunken_right
106154574485,41521.0,58839.0,right,Legal Insurrection,377026,grown_right
106547192707583,499215.0,136297.0,right,RedState,533105,shrunken_right
107606936297999,63609.0,8232.0,right,Americon News,37149,shrunken_right
107705785934333,3982474.0,2804366.0,right,The Federalist Papers,2300975,shrunken_right
108038612554992,1058338.0,1224135.0,left,Americans Against the Tea Party,583256,grown_left
108247159506719,15447.0,532611.0,right,LifeZette,1027656,grown_right
108728919161573,939.0,384.0,right,Liberty Juice,6900,shrunken_right
112114435501106,1456.0,18155.0,right,Hugh Hewitt,131934,grown_right
112415152112864,307530.0,289825.0,right,Conservative Lady,459427,shrunken_right
112723252096438,8294477.0,3194820.0,right,The Political Insider,3014947,shrunken_right
114345125931,22369.0,59475.0,left,YES! Magazine,199941,grown_left
114364638621903,2856203.0,1456235.0,right,ForAmerica,7923387,shrunken_right
114469275252738,78909.0,54978.0,right,Unhyphenated America,20850,shrunken_right
114517875225866,12244729.0,19753039.0,left,The Other 98%,4986386,grown_left
114528955231791,726135.0,956473.0,left,Bill Moyers,840661,grown_left
1161632783864856,65281.0,4913451.0,right,USA Politics Today,1629805,grown_right
116727628853,744688.0,157307.0,right,RedFlag News,282797,shrunken_right
116933681791119,96788.0,137765.0,right,Conservative News,557801,grown_right
117719681572756,1497.0,598.0,left,Center for a Stateless Society (C4SS),10185,shrunken_left
117819051682797,7027.0,5346.0,right,HangTheBankers.com,18799,shrunken_right
117899091558228,5787.0,6380.0,left,News Corpse,20646,grown_left
119049414803510,10194.0,9303.0,right,The American Spectator,111619,shrunken_right
119984188013847,1492511.0,489555.0,right,WND,881973,shrunken_right
120680396518,1535533.0,577009.0,left,Salon,974316,shrunken_left
121664761245469,116.0,45504.0,left,Politics Done Right with Egberto Willies,18596,grown_left
123624513983,3232290.0,2730373.0,right,Western Journalism,5176602,shrunken_right
123917457765597,92012.0,153611.0,right,Reagan Coalition,451049,grown_right
124538510989702,1586017.0,372538.0,right,2nd Amendment,2010825,shrunken_right
126284487422,682.0,200.0,left,Political Wire,51705,shrunken_left
126313621603,1854.0,810.0,right,Prison Planet.TV,24247,shrunken_right
12641323331,37167.0,9365.0,left,Fairness & Accuracy In Reporting,97704,shrunken_left
127191793979316,1189.0,1148.0,right,Counter-Currents Publishing,8197,shrunken_right
128407570539436,283540.0,83674.0,left,Activist Post,560089,shrunken_left
128475230511762,126.0,242.0,right,Bookworm Room,629,grown_right
129370207168068,1035011.0,491825.0,left,True Activist,1468115,shrunken_left
130631440429139,11605.0,4577.0,right,Saving Our Future,33293,shrunken_right
133961323610549,8284190.0,7270320.0,right,Donald Trump For President,3831381,shrunken_right
134176153323755,233208.0,125211.0,left,Left Wing Nation,115070,shrunken_left
135665053303678,2192149.0,637297.0,right,Eagle Rising,687743,shrunken_right
136264019722601,1624924.0,1253137.0,right,Rush Limbaugh,2326917,shrunken_right
136764599915,523724.0,279698.0,left,The Ring of Fire,219492,shrunken_left
1374461649456926,300104.0,337976.0,left,Greenville Gazette,827864,grown_left
13794040506,19336.0,42620.0,left,Towleroad,41213,grown_left
138869856179618,1930.0,4053.0,right,InvestmentWatch,3010,grown_right
139398939438430,533627.0,1119912.0,left,Left Action,1416061,grown_left
140375152651507,3076.0,284.0,left,The People's View,3117,shrunken_left
1405080846374047,83715.0,74389.0,right,Rick Wells' Free Speech Patriots,63277,shrunken_right
140738092630206,2304517.0,1345004.0,right,TheBlaze,2003329,shrunken_right
1411473115776017,3129.0,1474.0,right,The Glazov Gang,8744,shrunken_right
1414486152197718,500.0,167.0,right,Craig James,100598,shrunken_right
141741139173942,419.0,16611.0,right,The Real Side Radio Show with Joe Messina,38988,grown_right
142868065759441,3031289.0,561281.0,right,The Revolution,1668540,shrunken_right
143021112391265,64742.0,134624.0,left,Jacobin Magazine,271672,grown_left
1435071773455316,711495.0,831862.0,right,Daily Wire,1575837,grown_right
144317282271701,37907.0,3808.0,right,American Thinker,116485,shrunken_right
144344708930358,1467.0,1062.0,left,NewsHounds.us,3050,shrunken_left
1444086445825928,11193.0,10.0,right,Daily Surge,35111,shrunken_right
1462268053999457,163.0,35658.0,left,Off The Main Page,24821,grown_left
146422995398181,3844800.0,2183557.0,left,Addicting Info,1402884,shrunken_left
146801948862284,9862.0,29288.0,right,Rodney Lee Conover,26837,grown_right
146909368666979,15277.0,20074.0,right,The New American Magazine,44578,grown_right
147765065268571,320.0,,left,Rebel Pundit,5371,shrunken_left
147772245840,592728.0,808040.0,right,Young Conservatives,983754,grown_right
148345978571352,116422.0,42557.0,right,ConservativeByte,145525,shrunken_right
1485438831785542,201110.0,209598.0,left,Real Progressives,116974,grown_left
1487587521541634,827867.0,1741145.0,right,President Donald Trump Fan Club,1333012,grown_right
1488558181449522,45184.0,253158.0,right,FutureinAmerica,783988,grown_right
149817218374125,46835.0,182203.0,right,Girls Just Wanna Have Guns,278801,grown_right
149873221834973,4.0,9.0,left,Counter-Information,64,grown_left
1507792376127891,66332.0,989471.0,right,Powdered Wig Society,280630,grown_right
150931404928776,919.0,2007.0,left,Consortiumnews.com,10154,grown_left
15139936162,1870779.0,2620678.0,right,Steven Crowder,2339415,grown_right
152308008195941,1244448.0,2073894.0,left,FreakOutNation,426303,grown_left
153418591515382,409966.0,835281.0,left,act.tv,285075,grown_left
15418366158,187496.0,79284.0,right,PJ Media,346957,shrunken_right
154434341237962,518.0,,left,Rinf.com,11178,shrunken_left
154494061242776,7.0,7.0,right,The American Cause,114,flat_right
154672041747,106249.0,59216.0,left,Right Wing Watch,143619,shrunken_left
1554834908172384,14522.0,1293874.0,right,American Journal Review,939793,grown_right
1557469237907508,232874.0,1601333.0,right,Patriot Journal,1192456,grown_right
156185069843,5104.0,2554.0,right,beforeitsnews.com,405496,shrunken_right
15704546335,27600038.0,28339288.0,right,Fox News,15563283,grown_right
157718827732542,88.0,26.0,left,Political Blind Spot,24386,shrunken_left
15779440092,767562.0,771854.0,right,National Review,1079653,grown_right
157843634416312,20561.0,37246.0,right,The Federalist,55308,grown_right
158924294183807,2135465.0,3507125.0,right,Allen West Republic,891902,grown_right
1591828521031839,273557.0,203457.0,right,The Conservative Update,680075,shrunken_right
1595723550651430,73920.0,228522.0,right,Free Patriot Post,223876,grown_right
160260190686110,49999.0,18974.0,left,NationofChange,105776,shrunken_left
160389977329803,4421326.0,5793239.0,left,ATTN:,4770076,grown_left
160617427472811,900.0,240.0,right,Top Right News,22866,shrunken_right
160712560629690,14718.0,402.0,right,Skepchick,23269,shrunken_right
161453087348302,71106.0,438132.0,right,The Committee to Defend the President,795896,grown_right
1624162894502220,2769.0,876.0,left,Shadowproof,6435,shrunken_left
16307558831,927920.0,1322452.0,right,Mark Levin,1300290,grown_right
163121917034901,29649.0,59454.0,left,JoeMyGod,27434,grown_left
163201283712008,11054.0,18946.0,right,Political Cartoons by cartoonist A.F.Branco,21422,grown_right
1636990459913102,932912.0,345306.0,right,Make America Great,485449,shrunken_right
1640832309490921,3145538.0,1304269.0,left,Opposition Report,1509696,shrunken_left
1642685862611663,20960.0,144084.0,right,Liberty Hangout,73536,grown_right
164858597334,6683.0,2923.0,right,The Shark Tank,40184,shrunken_right
16512617979,43110.0,103793.0,left,The Real News Network,336372,grown_left
1665532373663056,139.0,343.0,right,GotNews,4194,grown_right
1671971886350240,14277.0,37326.0,right,Newstarget.com,87511,grown_right
1676688675937974,0.0,17.0,left,SourcePlanet.net,5808,grown_left
1690703604505977,357.0,3028.0,right,The Republican News,3825,grown_right
169204449790211,1917771.0,2179261.0,right,Conservative News Today,2951286,grown_right
1695168340767186,50559.0,2481165.0,left,Proud Democrat,1194014,grown_left
17108852506,499628.0,468519.0,left,AlterNet,967414,shrunken_left
171190156249770,514.0,7704.0,right,Tea Party Tribune,39126,grown_right
172470146144666,31638.0,74356.0,left,CounterPunch,114613,grown_left
172526489431467,717178.0,187296.0,right,Tea Party,435410,shrunken_right
173718089482397,471.0,83.0,right,Patriot Rising,1735,shrunken_right
174133289343084,21085.0,12529.0,right,PolitiChicks,150062,shrunken_right
1746057572287188,3299791.0,2425471.0,right,Patriots United,2544865,shrunken_right
1754194318141624,369699.0,242007.0,right,Red Rock Tribune,400893,shrunken_right
177486166274,5160854.0,5115601.0,left,Being Liberal,1674268,shrunken_left
178739542138433,26.0,,left,Glenn Beck Unhinged,949,shrunken_left
179035672287016,16394130.0,4449413.0,right,American News,5565990,shrunken_right
182032255155419,4391.0,12505.0,left,21st Century Wire,32007,grown_left
182919686769,3200779.0,4705991.0,right,The Daily Caller,4878084,grown_right
183356311699411,1929043.0,1190871.0,right,Silence is Consent,865626,shrunken_right
184859785026060,6216784.0,7990326.0,right,Faith Family America,5905338,grown_right
186457858051439,70683.0,76570.0,left,Latino Rebels,102935,grown_left
186473214703370,746644.0,919452.0,left,PoliticusUSA,662843,grown_left
188165324600426,86.0,218.0,left,Democracy: A Journal of Ideas,4026,grown_left
19420215926,1003821.0,563666.0,right,CNSNews.com,2182554,shrunken_right
195442743826815,1679.0,3264.0,left,Washington Monthly,12250,grown_left
195530355493,1922839.0,1922375.0,right,Chicks On The Right,1181335,shrunken_right
196087640574,1653677.0,1214147.0,right,Gateway Pundit,627356,shrunken_right
1969250316633715,3178355.0,6614572.0,right,WD Americans Online,4271993,grown_right
199334810084087,86.0,14.0,right,Intrepid Report,1398,shrunken_right
200137333331078,1288136.0,1288656.0,left,ThinkProgress,1779746,grown_left
200548226627766,5156.0,4073.0,left,The Progressive Magazine,41180,shrunken_left
200583909956972,101.0,13.0,left,opednews.com,10760,shrunken_left
201956993160690,1126835.0,1139358.0,right,MRCTV,3231254,grown_right
20239752285,19228.0,14246.0,left,The American Prospect,109550,shrunken_left
20324257234,1402696.0,3243523.0,left,The Raw Story,1089361,grown_left
205525363134528,190.0,117.0,left,Occupy Liberals,11986,shrunken_left
205858019534497,79.0,126.0,right,Federalist Press,3626,grown_right
20744822491,24906.0,5524.0,left,Feministing.com,283074,shrunken_left
208385689205703,17531.0,210020.0,right,Patriot Tribune,126437,grown_right
208763874023,1006297.0,484434.0,right,Barracuda Brigade,214968,shrunken_right
208799592506432,58.0,6.0,left,New Politics magazine,2056,shrunken_left
210277954204,2136335.0,2322745.0,left,The Young Turks,1815650,grown_left
210357995667559,27367.0,308182.0,left,The National Memo,194950,grown_left
210937299260017,21375.0,877.0,right,USA Features Media,12901,shrunken_right
212436860202,34250.0,60365.0,right,Human Events,740628,grown_right
212848742088398,5558.0,9259.0,right,The College Fix,11514,grown_right
214752375232773,9.0,1004.0,right,Read Me Every Day,2373,grown_right
215148520550,685246.0,166423.0,right,Patriot Update,274028,shrunken_right
216931248339739,10810.0,7934.0,right,Godfather Politics,20562,shrunken_right
218610566124,280.0,202.0,left,Smirking Chimp,6513,shrunken_left
220198801458577,8286.0,50709.0,right,One America News Network,199024,grown_right
22067606728,4005581.0,4940022.0,right,Allen West,2750841,grown_right
221573484697614,3186997.0,2806611.0,right,Conservative Post,1598130,shrunken_right
222149727806378,214487.0,165502.0,left,Against Crony Capitalism,443057,shrunken_left
222920264405712,22521.0,226630.0,right,iPatriot,208043,grown_right
223008867858902,561188.0,59810.0,right,American Action News,1006279,shrunken_right
22799114577,99.0,66.0,right,Hudson Institute,9956,shrunken_right
228702593913193,1686457.0,5096118.0,right,ClashDaily.com with Doug Giles,1231022,grown_right
22931596946,1348.0,2135.0,left,Equal Voice News,10417,grown_left
229475497245882,2.0,,right,Quin Hillyer,160,shrunken_right
229633827099583,5327.0,271.0,right,Victoria Jackson,57125,shrunken_right
230537773698519,28160.0,22669.0,left,TomDispatch,41008,shrunken_left
235651699018,3312.0,1944.0,left,BlackListed News,8399,shrunken_left
236763656409160,2664.0,15192.0,right,Project Veritas,165298,grown_right
241732562599215,69185.0,49205.0,right,Freedom Outpost,107683,shrunken_right
245481491808,38304.0,32786.0,right,Now The End Begins,150646,shrunken_right
24674986856,258183.0,282455.0,left,Michael Moore,2265031,grown_left
248272551923470,170376.0,18642.0,right,Patriot Outdoor News,234955,shrunken_right
249924365130007,11990.0,36535.0,right,MinuteMen News,76907,grown_right
253546571389025,1862553.0,3029988.0,left,Bipartisan Report,1283131,grown_left
26595441166,1026916.0,910115.0,left,Media Matters for America,774892,shrunken_left
268311603350722,442680.0,1130041.0,left,Shareblue,1350715,grown_left
269123710083,443763.0,79513.0,right,Michelle Malkin,1843837,shrunken_right
27088225427,7440.0,10591.0,right,RealClearPolitics,113010,grown_right
271042954725,1026612.0,1889449.0,right,Laura Ingraham,1265334,grown_right
273864989376427,2292659.0,2075205.0,left,MSNBC,1964609,shrunken_left
277613075615568,256113.0,255059.0,left,Mint Press News,364876,shrunken_left
282024895179874,798706.0,585482.0,right,Washington Free Beacon,730459,shrunken_right
282183791902004,16445.0,67461.0,left,Modern Liberals,63973,grown_left
288607251359,1713.0,2056.0,right,GOVTSLAVES.info,15005,grown_right
289189664545158,523130.0,155523.0,right,Bradlee Dean,613624,shrunken_right
289741874474112,51012.0,24180.0,right,Deneen Borelli,168905,shrunken_right
292949924146549,38575.0,105883.0,right,Stacy on the Right Show,71098,grown_right
296396490870,14663.0,6983.0,right,FrontPage Magazine,37507,shrunken_right
296856040436954,689610.0,773076.0,right,Obama is the Worst President in US History,1569590,grown_right
297768373319,1318.0,1049.0,left,David Swanson,9019,shrunken_left
297993800365881,603.0,0.0,right,Controversial Times,5270,shrunken_right
300341323465160,148152.0,215285.0,right,The Daily Signal,696614,grown_right
305986132775543,70761.0,142122.0,right,Revive America,267846,grown_right
30719304648,15424.0,3369.0,right,Commentary,57920,shrunken_right
311190048935167,1100049.0,2681282.0,right,100 Percent FED Up,1579365,grown_right
318434574849521,232.0,1059.0,left,Occupy.com,6298,grown_left
319569361390023,240463.0,421236.0,right,Twitchy,1272448,grown_right
320274540972,363.0,341.0,left,Revoke Corporate Personhood -- Reclaim Democracy!,5264,shrunken_left
32109457015,463301.0,169314.0,left,CommonDreams,364942,shrunken_left
32125256650,8326.0,12352.0,right,The American Conservative,55083,grown_right
326614387531342,3637975.0,1704578.0,right,Blue Lives Matter,1649965,shrunken_right
329417987110870,121449.0,37332.0,right,Conservative Intelligence Briefing,300511,shrunken_right
330201017032791,1048161.0,471865.0,right,National Liberty Federation,359852,shrunken_right
330474400493018,68806.0,238135.0,right,Conservative Daily,451933,grown_right
33455892182,99550.0,104542.0,left,Crooks and Liars,132393,grown_left
335723946520373,8.0,,right,Patriot.tv,347,shrunken_right
340005092689907,30222.0,64769.0,left,The Daily Banter,37930,grown_left
341163402640457,22751278.0,18783790.0,left,NowThis,11664950,shrunken_left
343548022384805,2535.0,1897.0,right,NextNewsNetwork,20192,shrunken_right
344637645551128,65497.0,59413.0,right,Red Alert Politics,143337,shrunken_right
346937065399354,26394599.0,36673027.0,left,Occupy Democrats,6665043,grown_left
350154138430441,105137.0,27428.0,right,Liberty Unyielding,95343,shrunken_right
352859651422892,28667.0,284842.0,left,GOPocalypse,112804,grown_left
354522044588660,8231964.0,5459343.0,left,Upworthy,11255052,shrunken_left
357239084310002,84720.0,13340.0,right,Conservative Videos,55942,shrunken_right
358168880614,568715.0,365592.0,left,The New Civil Rights Movement,393218,shrunken_left
359591544295,1016160.0,477189.0,right,Joe the Plumber,829592,shrunken_right
35994014410,101273.0,166813.0,right,The Washington Times,590080,grown_right
362730580442134,25684.0,25764.0,right,Conservative Firing Line,75351,grown_right
363901400376803,179.0,42.0,right,Bullets First,3502,shrunken_right
364255317006684,8008.0,5086.0,right,The New Observer,4251,shrunken_right
369527829841639,1318934.0,775927.0,left,Groopspeak,637321,shrunken_left
385640741463156,13698.0,9567.0,right,VDARE.com,9959,shrunken_right
387740238090754,4430370.0,2033487.0,right,Yes I'm Right,1490848,shrunken_right
389658314427637,7038986.0,2018064.0,right,Right Wing News,3588476,shrunken_right
392570397445248,156011.0,136816.0,left,Everyday Feminism,566089,shrunken_left
396509850402862,44143.0,8731.0,right,Jan Morgan,161768,shrunken_right
398203740209235,13886.0,20395.0,right,Gatestone Institute,33262,grown_right
40656699159,1027492.0,471568.0,right,Washington Examiner,710784,shrunken_right
41246929603,5758.0,7062.0,right,American Family Radio,71366,grown_right
415136781839268,960.0,39250.0,right,The Mental Recession,63058,grown_right
41632789656,425806.0,473791.0,right,Townhall.com,1301389,grown_right
428053320608798,15851.0,5995.0,right,The Republican Coffee Corner with Angela,17190,shrunken_right
42872222699,19570.0,110549.0,right,Dana Loesch,298285,grown_right
43179984254,4057336.0,4329118.0,left,Daily Kos,1336209,grown_left
433261566868387,3266.0,5476322.0,right,Liberty Writers,1727936,grown_right
433443503516781,704.0,674.0,left,AHTribune,3380,shrunken_left
440106476051475,4196162.0,2594055.0,right,Freedom Daily,2220211,shrunken_right
440522575997388,74082.0,64522.0,right,The D.C. Clothesline,108568,shrunken_right
44667476574,25361.0,30302.0,left,In These Times,127049,grown_left
44951363957,42780.0,28171.0,right,American Enterprise Institute,304538,shrunken_right
454994297918305,3309.0,146.0,right,The News Doctors,1500,shrunken_right
455410617809655,47105.0,38442.0,left,Democratic Underground,84090,shrunken_left
456512747696523,2717.0,,left,"Economy In Crisis, INC.",24080,shrunken_left
460197020720819,137642.0,34792.0,right,The Right Scoop,98576,shrunken_right
463855417049923,590464.0,202149.0,right,Dc Gazette,430482,shrunken_right
46587884802,60467.0,10624.0,left,Demos,129403,shrunken_left
475549362567960,785046.0,867984.0,right,Conservative Review,1542369,grown_right
479687202044787,360792.0,609841.0,left,DeadState,187174,grown_left
492836854251934,1550.0,432.0,right,RedFlag NewsDesk,1533,shrunken_right
493304957381719,82.0,119.0,right,THE NEWS COMMENTER,2180,grown_right
49867377595,1091402.0,2248137.0,right,The Blacksphere,567166,grown_right
501786380024121,43716.0,,right,Freedom Pulse,15188,shrunken_right
50513265848,60843.0,9819.0,right,Citizens United,434335,shrunken_right
513600888679373,956592.0,3012197.0,right,Dennis Michael Lynch,1025816,grown_right
513813158657249,3517386.0,6931152.0,right,Mad World News,1640470,grown_right
51560645913,51272.0,211699.0,right,The Patriot Post,519762,grown_right
519305544814653,2512689.0,2676823.0,right,Conservative Tribune,4077149,grown_right
532734866892797,3247806.0,222616.0,right,We Support Donald Trump,1062633,shrunken_right
533719316792782,19188.0,696107.0,right,I Hate Hillary,387025,grown_right
542681229094582,2633.0,2700.0,right,Red Nation Rising,9798,grown_right
54789869630,1750.0,2360.0,left,Dissent Magazine,37825,grown_left
55076937573,0.0,,right,Right Pundits,344,flat_right
551987771496911,120947.0,131493.0,left,Forward Progressives,352730,grown_left
552538524928728,14739.0,323458.0,left,Bernie Sanders Lovers,101709,grown_left
553923781318329,366.0,37.0,left,Young Progressive Voices,18379,shrunken_left
55803739618,4732.0,2382.0,left,Informed Comment,11833,shrunken_left
563531023712949,8591.0,3554.0,right,Truth Revolt,37945,shrunken_right
563896500417731,18463.0,179172.0,right,Citizens For Trump,271061,grown_right
568982666502934,2226796.0,1125017.0,right,America's Freedom Fighters,588022,shrunken_right
572064949480977,801996.0,732143.0,right,The Common Sense Conservative,484089,shrunken_right
574747565911344,1360323.0,829225.0,right,Truth And Action,878386,shrunken_right
58158120046,1900579.0,779320.0,right,American Center for Law and Justice,4088359,shrunken_right
591402597574018,2139641.0,1459928.0,right,Tell Me Now,2478665,shrunken_right
60190486539,2203.0,1276.0,left,AMERICAblog.com,10682,shrunken_left
625416194262163,49713.0,1394076.0,right,Patriotic Folks,853119,grown_right
626080910791883,47.0,51.0,right,Fix This Nation,10261,grown_right
6333396177,931395.0,880599.0,right,NewsBusters.org,2785792,shrunken_right
639552979481215,181901.0,533813.0,right,TRUMP TRAIN,467274,grown_right
644891892279936,1467435.0,413607.0,right,End The Fed,365486,shrunken_right
645859405473969,628.0,3792.0,right,Barbwire.com,16917,grown_right
64639136366,127786.0,93436.0,left,Truthdig,242517,shrunken_left
651833651535152,25.0,4931.0,left,Second Nexus,49360,grown_left
689005071241062,330.0,28017.0,right,USA News Studio,108345,grown_right
695526053890545,1758536.0,902521.0,right,Ann Coulter,686489,shrunken_right
69813760388,2306415.0,5434544.0,right,Sean Hannity,3180094,grown_right
730086470386080,0.0,38.0,right,Political Illusions Exposed,737,grown_right
731244080298286,563294.0,911980.0,left,Reverb Press,792957,grown_left
735302356547665,10679.0,9732.0,right,The American Mirror,117859,shrunken_right
7458504675,3462.0,3630.0,left,The Frisky,112826,grown_left
749061648443344,8.0,51.0,right,Liberty Talk FM,10133,grown_right
752089438256272,4551.0,276798.0,right,USA 24,271222,grown_right
762592150466931,1625230.0,357660.0,left,If You Only News,579218,shrunken_left
7629206115,366687.0,210088.0,left,The Nation Magazine,620870,shrunken_left
7642602143,784004.0,2181902.0,left,Mother Jones,1545183,grown_left
767739230029205,181.0,,right,Daily News 24/7,1045,shrunken_right
768969409823211,478.0,528.0,right,IOTW Report,783,grown_right
769354053132340,909380.0,231524.0,right,American Patriot Daily News Network,382506,shrunken_right
799007653446065,97.0,35493.0,right,Liberty Viral,23400,grown_right
80256732576,300768.0,639291.0,right,InfoWars,795716,grown_right
811793512220923,137001.0,171175.0,right,The Rebel,138454,grown_right
81307324765,27193.0,1088.0,left,Countercurrents.org,88264,shrunken_left
825897147516847,91.0,,right,Us viewer,349,shrunken_right
827052560703226,101.0,,left,Higgins News Network,743,shrunken_left
83865976093,160790.0,122329.0,left,Truthout,748762,shrunken_left
85452072376,1718288.0,283049.0,right,Newsmax,1199572,shrunken_right
870254066367607,175.0,321.0,right,usdefensewatch.com,1320,grown_right
872535699511452,3410249.0,803955.0,right,The Angry Patriot,1109597,shrunken_right
879232675425585,57.0,389.0,right,Right Edition Your Conservative Right Wing News Website and Blog,1098,grown_right
879307625456770,19872.0,158597.0,left,Daily News Bin,71497,grown_left
882703445081566,4.0,8.0,right,Political Ears,70,grown_right
8936818385,1463.0,1631.0,right,Accuracy in Media,12471,grown_right
897023440417172,4307.0,13230.0,right,DC Whispers,3712,grown_right
91414372270,417.0,396.0,right,Foreign Policy Journal,15345,shrunken_right
916120348409972,8125.0,5668.0,right,WeaselZippers,4248,shrunken_right
929534787140343,15538.0,4802685.0,right,World News Politics,2107026,grown_right
940295849386709,1057407.0,985626.0,right,Conservative World Daily,1354663,shrunken_right
9432926737,55025.0,45035.0,left,Rewire,110470,shrunken_left
95475020353,9066729.0,11473250.0,right,Breitbart,3524540,grown_right
961038380624167,48272.0,44917.0,left,Jeffrey Dunetz's The Lid Blog,119187,shrunken_left
968877143183195,164097.0,470978.0,left,Liberal Mountain,146796,grown_left
97464672662,79139.0,22491.0,right,Tammy Bruce,89598,shrunken_right
978296472213431,1151054.0,600888.0,right,The Proud Conservative,741768,shrunken_right
979613892126968,1470734.0,5961902.0,left,Proud Liberals,2413702,grown_left
98658495398,301980.0,260203.0,left,Talking Points Memo,417009,shrunken_left
1014803551921469,,36531.0,right,SourcesNews,59306,grown_right
1035617169863710,,4260.0,right,I DID NOT Vote For Hillary in 2016,36269,grown_right
1036253643101134,,971788.0,left,Proud Liberal,510991,grown_left
1036841469686059,,926927.0,left,We Are Liberal,1278889,grown_left
1046400185439764,,1140276.0,left,Proud Progressive,915863,grown_left
1059410987429703,,5152.0,right,Trump Revolution,53784,grown_right
1065157933581240,,170200.0,right,Proud to Be Deplorable,318937,grown_right
107222359687604,,485.0,right,American Lens,922,grown_right
1086868394685992,,1543.0,right,Usa News 24/7,7957,grown_right
1089660871073245,,1430401.0,right,Overpasses For America,367821,grown_right
1109093812491437,,410321.0,right,CRTV,268868,grown_right
1119554641443403,,631097.0,right,Conservative Patriots,594885,grown_right
1125333984241125,,68897.0,right,Conservative Fighters,19880,grown_right
1126662784108968,,27.0,right,America Uncensored,69,grown_right
1129007383778921,,114361.0,right,Heat Street,263470,grown_right
1146442485436882,,1137.0,right,Daily News - Politic,545,grown_right
1146656498733605,,17269.0,left,It's Going Down,18900,grown_left
114849938997087,,228.0,right,Usa Daily Reports,130,grown_right
1170562502965493,,12815.0,right,USA News,93301,grown_right
1184476888286808,,2737.0,right,Trump Party,7524,grown_right
1202208636511729,,651928.0,right,American Monitor Online,747326,grown_right
1202861959767715,,111.0,left,Left Side,13448,grown_left
1221818827889644,,1.0,right,World News And Rumors,121,grown_right
1237168256301866,,34.0,right,Refined Right,414,grown_right
126703811068849,,5.0,right,Patriot News Daily,508,grown_right
129425217526985,,2188.0,right,BlingNews,4884,grown_right
131682593971195,,1376260.0,left,Raw Progressive,621613,grown_left
1340186812659728,,10240180.0,left,Truth Examiner,3573203,grown_left
1349936971683802,,235524.0,right,Vidmax2,137385,grown_right
1353320324694643,,2623.0,right,Political Site News,23694,grown_right
1430973860248840,,5132.0,right,Usanews-24,9487,grown_right
145008569258178,,3643.0,right,Bloody Rubbish,9539,grown_right
145380305523723,,333056.0,right,Secure America Now,3532073,grown_right
1486860644672164,,708057.0,left,Democratize US,38672,grown_left
1527239134221579,,1618132.0,left,Political Dig,646801,grown_left
153519965088704,,110872.0,right,DailyInfo,65562,grown_right
1542401046056064,,10275.0,right,Conservative Spirit,16209,grown_right
1544939742476831,,1902574.0,right,Conservative 101,2122952,grown_right
1546672678963050,,49834.0,right,Fighting For Trump,191678,grown_right
1564924110429668,,16898.0,right,U.S. Related News,65091,grown_right
157817631307424,,723348.0,right,"Red, White and Right",375277,grown_right
1598314740470404,,6297.0,right,Political Jungle,1847,grown_right
1608786116085025,,1513.0,right,Just Politcs Things,1092,grown_right
1629588830403923,,1991.0,right,Federalist Tribune,18150,grown_right
1631398857174555,,576920.0,right,Nevo News,245409,grown_right
1633304150220472,,2027348.0,right,SubjectPolitics,734390,grown_right
1641262382839336,,896072.0,left,Gone Left,434121,grown_left
1660184174273654,,24.0,right,Daily Political Newswire,526,grown_right
1672814509645693,,1896647.0,left,New Century Times,1597824,grown_left
1716514921967079,,1932996.0,right,About 2DAY,1132411,grown_right
1722398264701093,,136388.0,right,Read Conservatives,46425,grown_right
1726840707573399,,10943531.0,right,Conservative Media,2457550,grown_right
1746239085597087,,6736.0,left,Voices4Hillary aka Voices4America,11594,grown_left
1750471095167410,,5222.0,right,Trump Train News,131105,grown_right
1770145919930804,,132912.0,right,Western Sentinel,155704,grown_right
1782469058666070,,735865.0,left,Blue Democrat,491610,grown_left
1810399205895315,,121610.0,right,American Daily Patriot,132851,grown_right
1827547780839216,,0.0,right,Vanguard of Liberty,18,flat_right
1829896873946966,,131712.0,right,My Right American,186477,grown_right
1859989890948610,,101516.0,right,Washington Feed,58446,grown_right
186589878469568,,136023.0,right,American Conservative Herald,134773,grown_right
188464111175168,,360975.0,left,New Blue United,1476093,grown_left
19051993499,,1150.0,right,American Renaissance,7041,grown_right
1911476465739018,,274853.0,right,Trump Supporters,137474,grown_right
197043394037769,,37499.0,right,Conservative Republic,63133,grown_right
197579543998318,,754834.0,left,ABNC News,537036,grown_left
210081569389429,,3326.0,right,True Pundit,2844,grown_right
217722751695604,,22322.0,left,Daily Progressive,235292,grown_left
228565633877379,,567185.0,right,Wayne Dupree Show,354010,grown_right
229812467461262,,13.0,right,Big League Politics,2993,grown_right
235880153440564,,4.0,right,Total Conservative,466,grown_right
239225158893,,4703.0,right,Vision to America,14112,grown_right
248468565222626,,596.0,left,Information Clearing House,2455,grown_left
255358528223922,,984.0,right,The Political Herald,8199,grown_right
256185128065500,,12127.0,right,US News Feed,17850,grown_right
269815666696444,,133070.0,right,Conservative Nation,98095,grown_right
283521255350943,,41.0,right,Analog Politics,1411,grown_right
303920943326669,,414593.0,right,Jayda Fransen,198024,grown_right
305147709883415,,3706.0,left,Counter Propa,2583,grown_left
306406853053018,,408787.0,left,Mean Left Hook Politics,85878,grown_left
322521158087556,,4516.0,right,US INFO News,15463,grown_right
363572153995471,,123144.0,left,Progressive Liberal,96461,grown_left
372220329789295,,349.0,right,Daily News,4346,grown_right
372907709740736,,43.0,left,ThePopulist.buzz,214,grown_left
406726216017535,,30401.0,right,Independent Journal Review,444677,grown_right
408532246163750,,13.0,right,Trump's for America,183,grown_right
445073642279965,,75.0,right,Political Outcast,8218,grown_right
462215667303888,,30131.0,left,Vessel News,11240,grown_left
507165509486196,,534156.0,right,Hillary for Prison,1289998,grown_right
511928619002683,,699516.0,right,DC Statesman,383626,grown_right
515629708825640,,48.0,right,Usa Politics AllNews,941,grown_right
520289594804628,,1553362.0,right,TruthFeed,654198,grown_right
522359791285231,,1058.0,right,American Greatness,11626,grown_right
544518465756524,,11746.0,right,Today-News-24,11036,grown_right
552194911539549,,46623.0,right,Stand With Liberty,1408944,grown_right
590630060984225,,301691.0,right,Conservative Army,128056,grown_right
592074077639509,,1772735.0,right,Donald Trump Is Our President,3069603,grown_right
607019026153835,,19968.0,right,U.S. Politics,49955,grown_right
610045389164725,,2371347.0,left,Liberal American,2111339,grown_left
634446283374728,,3.0,left,Restore American Glory,303,grown_left
667824596689766,,471815.0,right,USA Supreme,202599,grown_right
704811763010803,,1181034.0,left,Left Scoop,498243,grown_left
706919156150156,,85103.0,right,CSC Media Group US,13465,grown_right
729272437222215,,665487.0,left,Justice Writers,204229,grown_left
776713152468040,,1249601.0,left,In Democrats We Trust,641395,grown_left
822016851270450,,379466.0,right,The Trump Media,63551,grown_right
824651571003336,,243.0,right,SpartaReport,3054,grown_right
879418882166765,,541.0,right,Today Politics,242094,grown_right
903791689730369,,47442.0,right,Excalibur News,38453,grown_right
945145548946376,,252.0,right,Think Right Politics,1591,grown_right
956112704484286,,3158.0,right,American Update,33825,grown_right
993293174040189,,1030424.0,right,Pro-America News,298593,grown_right
