page_name,about,fan_count,talking_about_count,website,page_id,year,month,day
Americans Against the Tea Party,We are your go to source for political news. ,583256,43343,http://www.aattp.org,108038612554992,2009,4,3
act.tv,Rise up and Resist! Your home for movement-oriented video from a grassroots network of activists. Join us to #ResistTrump and fight for a political revolution.,285075,481748,http://act.tv,153418591515382,,,
New Blue United,,1476093,93116,www.bluetribune.com,188464111175168,,,
Obama is the Worst President in US History,,1569590,41452,,296856040436954,2013,1,1
RedFlag NewsDesk,Daily headlines from the official RedFlagNews.com iOS and Android app. -- Enjoyed by millions. Never posted twice. Save time. Stay informed.,1533,76,http://redflagnews.com,492836854251934,2016,3,16
We Support Donald Trump,This country is in deep trouble.  We believe that A Donald Trump Presidency is our only chance of survival.,1062633,32795,,532734866892797,,,
Young Progressive Voices,A new generation of progressive thought.,18379,128,http://youngprogressivevoices.com,553923781318329,2013,4,
Citizens For Trump,The American citizens' grassroots movement to elect and support Donald J. Trump as our 45th President. ,271061,20469,http://www.citizensfortrump.com,563896500417731,2015,7,
Left Scoop,Breaking Political News,498243,25154,,704811763010803,,,
Conservative World Daily,Bringing you the best conservative news from every corner of the map. ,1354663,56049,http://www.ConservativeWorldDaily.com,940295849386709,,,
Wonkette,"Welcome, Wonkette Operatives, to the Facebook home of http://wonkette.com",96322,5483,http://wonkette.com,100434040001314,2004,,
SourcesNews,Unfiltered and from reliable sources news from all around the world. Together we can make a difference.,59306,185,http://sourcesnews.com/,1014803551921469,2005,4,14
Rare America,"News, issues, politics and premium video stories from around the globe.",2982929,244614,,1019871961378419,,,
I DID NOT Vote For Hillary in 2016,,36269,68,,1035617169863710,,,
Proud Liberal,"Your source for news, stories, and events.
YOUR politics, YOUR perspective.
The PROUD Liberal. ",510991,41971,http://theproudliberal.org,1036253643101134,2016,,
We Are Liberal,,1278889,171005,dieharddemocrat.com,1036841469686059,,,
Hot Air,The top conservative blog on the web. LIKE us!,820318,7517,http://www.hotair.com,103971336305218,2008,,
Black Agenda Report,"News, commentary & analysis from the black left.",23332,1138,http://www.blackagendareport.com,104037195986,,,
Proud Progressive,The Proud Progressive is a place for Democrats to share stories and thoughts about politics that reflect progressive ideologies.,915863,78198,http://bluedotdaily.com,1046400185439764,2016,8,
Media Research Center,Get 'NewsBusted' delivered right to your inbox every Friday! http://on.fb.me/kkZNAd,1728105,80497,http://mrc.org,10498053716,2008,3,
Trump Revolution,Politic 1,53784,10417,,1059410987429703,,,
Knox Report,Sharing Conservative News and Opinions.,8256,444,http://www.knoxreport.com,1061277377271291,,,
Legal Insurrection,"Check us out on Twitter, https://twitter.com/#!/LegInsurrection",377026,7035,www.legalinsurrection.com,106154574485,,,
Proud to Be Deplorable,Welcome to Hillary's basket of deplorables!,318937,10123,thedeplorablearmy.com,1065157933581240,,,
RedState,"The most influential right of center blog and website, RedState is a must-read for elected officials and grassroots activists.",533105,12248,http://www.redstate.com,106547192707583,,,
American Lens,Your source for unique and informative news that matters. ,922,90,http://www.americanlens.com,107222359687604,2016,,
Americon News,We aggregate the top news stories of the day. The stories the MSM fails to report.,37149,943,http://www.americonnews.com,107606936297999,,,
The Federalist Papers,"We’re studying and discussing the Federalist Papers, the philosophy of our nation's founders, our system of government and current events. Please invite your friends!",2300975,231318,www.thefederalistpapers.org,107705785934333,2010,,
LifeZette,Life. Explained. ,1027656,40346,http://www.lifezette.com,108247159506719,,,
Usa News 24/7,Donald Trump will be next president in USA ,7957,584,http://www.usahealthylife.com,1086868394685992,,,
Liberty Juice,Dump the Koolaid and get ready for a big dose of Liberty Juice!   http://www.LibertyJuice.com,6900,133,http://www.LibertyJuice.com,108728919161573,,,
Overpasses For America,"Overpasses for America is an organization that stands for the rights of all constitutional Americans.
We have held over 10,000 protests/rallies since 2013.",367821,158896,http://www.overpasses.org,1089660871073245,2013,6,13
CRTV,Liberty's Voice,268868,43240,https://www.crtv.com,1109093812491437,,,
Conservative Patriots,""" A Conservative is a fellow who is standing athwart history yelling 'Stop!' ""

William F. Buckley, Jr.
",594885,234129,,1119554641443403,,,
Hugh Hewitt,"Reaching millions of listeners each week, Hugh Hewitt informs and entertains with groundbreaking interviews with leading government officials, (from both parties), widely known authors and well known political pundits.",131934,920,www.hughhewitt.com,112114435501106,1956,2,22
Conservative Lady,"Your Daily Dose Of Conservatism!
http://gopthedailydose.com/
Conservative Lady, CEO
",459427,60208,Gopthedailydose.com,112415152112864,2014,1,1
Conservative Fighters,Conservative Fighters,19880,2988,http://conservativefighters.com,1125333984241125,,,
America Uncensored,Official page of alt media website America Uncensored. Educating and removing the censorsing of truth.,69,0,http://americauncensored.net,1126662784108968,,,
The Political Insider,"Politics, News, & Entertainment
www.thepoliticalinsider.com
Twitter: https://twitter.com/tpinsidr
http://plus.google.com/+Thepoliticalinsider/

     ",3014947,614521,http://www.thepoliticalinsider.com,112723252096438,2014,5,1
Heat Street,"News, opinion and commentary. Free speech celebrated. No safe spaces.",263470,24496,http://heatst.com,1129007383778921,2016,4,
YES! Magazine,National nonprofit media organization fusing powerful ideas with practical actions. ,199941,7910,http://www.yesmagazine.org,114345125931,1996,,
ForAmerica,Our focus is on doing what ForAmerica does best: wed politics to marketing in the social media universe to capture the public's imagination. ,7923387,239365,www.ForAmerica.org ,114364638621903,2010,9,1
Unhyphenated America,"Cultural cohesion and connectedness is more important than having a ""diversity"" of skin color. Anyone can choose to be a part of this culture.",20850,2937,http://www.unhyphenatedamerica.org,114469275252738,2011,1,1
The Other 98%,"An elite few are destroying our planet and holding our economy hostage. Other98 fights like hell to hold them accountable.

Join us: http://other98.com",4986386,2362039,http://other98.com,114517875225866,2010,4,15
Bill Moyers,"Like us on Facebook + choose “See First” to always see us in your newsfeed.
Visit our website at BillMoyers.com
Follow us on Twitter: @BillMoyersHQ",840661,63266,http://www.billmoyers.com,114528955231791,1950,6,1
Daily News - Politic,Daily news and politics,545,5,http://dailynewspolitic.com/,1146442485436882,,,
It's Going Down,Reports and analysis of revolt and social movements from a revolutionary anarchist perspective across so-called North America. ,18900,2884,http://itsgoingdown.org,1146656498733605,,,
Usa Daily Reports,"UsaDayliReports.com brings you the latest news from Usa and around the world, covering breaking news in business, politics, entertainment, technology",130,1,https://usadailyreports.com/,114849938997087,,,
USA Politics Today,Truth Seekers,1629805,142573,,1161632783864856,,,
RedFlag News,"Trending headlines, commentary, breaking news and current events from the official RedFlagNews.com community. Save time. Stay informed.",282797,7387,http://redflagnews.com,116727628853,2009,6,
Conservative News,,557801,4655,http://www.ConservativeNews.com,116933681791119,2012,9,21
USA News,USA Everyday News,93301,10464,rusharea.com,1170562502965493,,,
Center for a Stateless Society (C4SS),"The Center for a Stateless Society (C4SS) is an anarchist think-tank and media center, dedicated to building public awareness of left-wing market anarchism.",10185,111,http://c4ss.org/,117719681572756,2006,10,10
HangTheBankers.com,"Hang The Bankers is your #1 source of the news that matters.

http://www.hangthebankers.com",18799,182,http://hangthebankers.com,117819051682797,,,
News Corpse,The Internet's Chronicle of Media Decay,20646,964,www.NewsCorpse.com/ncWP,117899091558228,,,
Trump Party,,7524,260,http://usadailynews24.com,1184476888286808,,,
The American Spectator,Providing the wittiest conservative commentary since 1967. @americanspectator,111619,947,http://spectator.org,119049414803510,1967,9,1
WND,"WND is a fiercely independent news site committed to hard-hitting investigative reporting and serving as a watchdog on waste, fraud and abuse of power.",881973,29893,http://www.wnd.com/,119984188013847,1997,,
American Monitor Online,News,747326,116533,http://www.TruthMonitor.com,1202208636511729,,,
Left Side,"Current events, politics, & cultural criticism from the left. ",13448,3,http://leftsideofhistory.com,1202861959767715,,,
Salon,"Follow us on Twitter:
https://twitter.com/salon

Follow us on Instagram:
https://www.instagram.com/salonofficial/",974316,36326,http://www.salon.com/,120680396518,1995,,
Politics Done Right with Egberto Willies,Progressive Political Radio Talk Show that encourages all points of view. ,18596,17030,http://PoliticsDoneRight.com,121664761245469,2014,1,1
World News And Rumors,World news and rumors,121,0,http://worldnewsandrumors.space/,1221818827889644,,,
Western Journalism,WesternJournalism was launched to provide quality news and commentary for a generation fed up with mainstream media bias. ,5176602,196485,http://www.westernjournalism.com,123624513983,2008,9,25
Refined Right,"Refined Right combines long-form journalism and political commentary to offer classy and insightful reporting. We offer both current events, and a clean br",414,5,https://www.refinedright.com,1237168256301866,2016,,
Reagan Coalition,We are Conservatives and proud of it. http://www.reagancoalition.com,451049,6563,http://www.reagancoalition.com,123917457765597,,,
2nd Amendment,We support the right of the people to keep and bear arms. LIKE if you agree!  http://BearingArms.com,2010825,46280,http://bearingarms.com,124538510989702,2011,,
Political Wire,"Political Wire is one of the earliest political blogs, updated around the clock with the most interesting news, buzz and commentary from inside the halls of government.Share our posts with your friends and invite them to join the conversation!",51705,106,http://politicalwire.com,126284487422,,,
Prison Planet.TV,Like this page to receive daily videos from the Infowars Nightly News in your feed. www.infowarsnews.com / www.prisonplanet.tv ,24247,148,http://www.infowarsnews.com,126313621603,,,
Fairness & Accuracy In Reporting,"FAIR, the national media watch group, has been offering well-documented criticism of media bias and censorship since 1986. http://www.fair.org",97704,1777,www.fair.org,12641323331,1986,,
Patriot News Daily,Patriot News Daily Website,508,4,http://patriotnewsdaily.com/,126703811068849,,,
Counter-Currents Publishing,Books Against Time,8197,256,http://www.counter-currents.com,127191793979316,2010,6,
Activist Post,"INTERRUPT YOUR REGULARLY SCHEDULED PROGRAM
Alternative News for Enlightened Minds!",560089,14555,www.activistpost.com,128407570539436,2010,1,1
Bookworm Room,"Since 2004, Bookworm has been blogging on conservative political and social issues with all the passion and fury a convert to conservativism can muster.

http://www.bookwormroom.com/",629,40,http://www.bookwormroom.com/,128475230511762,,,
True Activist,Exposing the truth one lie at a time www.trueactivist.com,1468115,126067,,129370207168068,2012,1,
BlingNews,"Welcome to Bling News! We compile the greatest and most interesting artifacts from across the web and deliver them to you here at BlingNews.com!
OUR MOTTO is “Think Differently – Spark Creativity”.",4884,4724,http://www.blingnews.com,129425217526985,,,
Saving Our Future,"http://savingourfuture.com At time edgy, at times more contemplative, Saving Our Future is your place to explore the breadth of issues between the contemporary and the eternal.",33293,12,http://savingourfuture.com/,130631440429139,,,
Raw Progressive,,621613,54984,rawprogressive.com,131682593971195,,,
Donald Trump For President,Donald Trump must win!,3831381,162097,http://redstatewatcher.com,133961323610549,,,
Truth Examiner,,3573203,684441,http://TruthExaminer.com,1340186812659728,,,
Left Wing Nation,"America is, and always has been, a Left Wing Nation!",115070,8135,http://www.leftwingnation.org/,134176153323755,2011,5,
Vidmax2,"Our official page was hacked, this is our new Vidmax page now. Please get the word out.",137385,90607,http://vidmax.com/,1349936971683802,,,
Political Site News,Breaking Political News!,23694,330,http://politicalsitenews.com,1353320324694643,,,
Eagle Rising,"Libertas Justitia Veritas
www.eaglerising.com
www.twitter.com/theEagleiRising",687743,37785,http://eaglerising.com/,135665053303678,2013,6,17
Rush Limbaugh,The Official Facebook Page of America's Anchorman,2326917,90052,www.RushLimbaugh.com,136264019722601,1988,8,
The Ring of Fire,"The Ring of Fire is an independent multi-media outlet for the latest Progressive news, commentary and analysis.",219492,17797,http://trofire.com/,136764599915,2004,,
Greenville Gazette,http://www.greenvillegazette.com,827864,6283,http://www.greenvillegazette.com,1374461649456926,1982,10,17
Towleroad,"A site with homosexual tendencies. The gay news source. LGBT news and issues. Politics, entertainment and much more. www.towleroad.com",41213,3572,http://www.towleroad.com,13794040506,2003,,
InvestmentWatch,Spread the truth. Empower the People.,3010,333,http://investmentwatchblog.com,138869856179618,2008,,
Left Action,"TAKE ACTION!  ""Like"" this page, and join over 1,000,000 activists taking action, fighting for progressive causes, and... having some fun while doing it. http://LeftAction.com",1416061,111234,http://LeftAction.com ,139398939438430,2011,,
The People's View,"A progressive public policy and political blog to expand and encourage civil debate.

http://www.thepeoplesview.net",3117,9,http://www.thepeoplesview.net,140375152651507,2005,,
Rick Wells' Free Speech Patriots,I'm a conservative writer who is appalled by the destruction of our country by anti-American forces within our hijacked government. It simply must change.,63277,5832,http://www.rickwells.us,1405080846374047,2004,,
TheBlaze,Authentic. Unfiltered. Fearless.,2003329,87697,https://premium.theblaze.com/tv,140738092630206,2010,8,30
The Glazov Gang,The official Facebook page of The Glazov Gang. Please donate to: https://www.paypal.com/cgi-bin/webscr?cmd=_donations&business=RWPXQUKHG5JZL&lc=US&item_nam,8744,126,http://www.jamieglazov.com http://www.frontpagemag.com,1411473115776017,,,
Craig James,"Craig James is a small-government conservative who believes in God, the family and the constitution.",100598,24,http://craigjames.com,1414486152197718,,,
The Real Side Radio Show with Joe Messina,The Real Side covers today's hot-button issues from all sides. TUNE IN LIVE 6pm-9pmPT/9pm-12amET Where we all have a side & disagreement is allowed!,38988,1033,www.TheRealSide.com,141741139173942,2011,6,1
The Revolution,Simply The Best Conservative News Source.,1668540,124108,http://www.UFPnews.com,142868065759441,1776,7,4
Jacobin Magazine,"Jacobin is a leading voice of the American left, offering socialist perspectives on politics, economics, and culture. ",271672,28233,http://jacobinmag.com,143021112391265,2010,,
Usanews-24,"USAnews24 is the newspaper and news on the internet It shows everything about America, its political things and everything else, and we will try to do our best to thank you.",9487,27635,http://anews-24.com/,1430973860248840,2014,12,22
Daily Wire,"Our goal is simple: unmask leftists in the media for who they are, destroy their credibility with the American public, and devastate their funding bases.",1575837,132528,http://www.dailywire.com/,1435071773455316,,,
American Thinker,"www.AmericanThinker.com encourages discussion and commenting -- Please ""Like"" us here on Facebook and Follow us on Twitter (www.twitter.com/AmericanThinker)  -- Join us at www.AmericanThinker.com",116485,3355,www.americanthinker.com,144317282271701,2003,,
NewsHounds.us,We watch Fox so you don't have to.,3050,228,www.newshounds.us,144344708930358,,,
Daily Surge,"http://dailysurge.com Heart-pounding videos, news, and entertainment. ",35111,763,http://dailysurge.com,1444086445825928,,,
Bloody Rubbish,Robert Willis is the ORIGINAL Punk Right-wing Millennial. BloodyRubbish is his blog.,9539,1,http://www.BloodyRubbish.com,145008569258178,,,
Secure America Now,"We are the largest national security digital platform in the nation, dedicated to bringing critical security issues to the forefront of the American debate",3532073,102852,www.SecureAmericaNow.org,145380305523723,2011,,
Off The Main Page,We are NOT FAKE NEWS. The stories we report are just so crazy you WISH they weren't real.,24821,2531,http://www.offthemainpage.com,1462268053999457,,,
Addicting Info,"AddictingInfo.org- Political knowledge and news, shared by moderates, independents, and people on the left.  Our goal is to be a resource to discredit right-wing lies, myths, and talking points.",1402884,130628,www.AddictingInfo.org,146422995398181,2010,,
Rodney Lee Conover,"Rodney Lee Conover - Activist, producer, writer, entertainer
Follow on Twitter @rodneyconover
Webpage: www.IHavetheTruth.com
",26837,2347,,146801948862284,2012,,
The New American Magazine,"Published every day online, and twice each month in print -- so that Freedom Shall Not Perish!",44578,1552,http://www.TheNewAmerican.com,146909368666979,1985,,
Rebel Pundit,"The blog is a beacon of truth, showing the unholy alliance of the mainstream media, Republican establishment, Democrat Party, big unions, and ""non-profits""",5371,89,http://rebelpundit.com,147765065268571,,,
Young Conservatives,www.YoungCons.com,983754,49186,http://www.youngcons.com/,147772245840,2009,6,
ConservativeByte,http://conservativebyte.com We are a conservative news site bringing you the top stories each day that matter to you and our country.,145525,2823,http://conservativebyte.com,148345978571352,,,
Real Progressives,Advocating Real Progressive Policies and Economics for America. We are 100% in support of the political revolution and the activism it requires.,116974,15177,http://www.realprogressivesusa.com,1485438831785542,,,
Democratize US,"Because we can all agree on Democracy. Democratize US is part of Democratize Media, a mobile-based media platform.",38672,143714,DemocratizeUS.com,1486860644672164,,,
President Donald Trump Fan Club,"Providing high quality Trump news and updates for President Donald Trump Fans!  For Donald Trump Fans by Donald Trump Fans.

Together we can help Make America Great and Safe Again!",1333012,121894,https://ilovemyfreedom.org,1487587521541634,2015,6,16
FutureinAmerica,"We believe that the future in America is bright, and are looking to connect with like-minded citizens who will join us in making that belief reality.",783988,19973,http://www.ourfutureinamerica.com,1488558181449522,2015,12,14
Girls Just Wanna Have Guns,http://girlsjustwannahaveguns.com Girls Just Wanna Have Guns goal is to motivate women all over the world to prepare themselves for any threat they may encounter.,278801,7952,http://www.girlsjustwannahaveguns.com/,149817218374125,2010,9,
Counter-Information,Uncovering the mainstream media lies,64,4,,149873221834973,2013,1,28
Powdered Wig Society,"Conservative news and commentary, dedicated to the restoration of, and strict obedience to, the United States Constitution",280630,49544,http://powderedwigsociety.com,1507792376127891,,,
Consortiumnews.com,"Follow us on Twitter:
@Consortiumnews
https://twitter.com/Consortiumnews
",10154,263,https://consortiumnews.com/,150931404928776,,,
Steven Crowder,Comedian. American.,2339415,166290,http://LouderWithCrowder.com,15139936162,1987,7,7
FreakOutNation,"If we don't speak out, we're a part of the problem

",426303,64287,http://www.freakoutnation.com,152308008195941,,,
Political Dig,Political Dig is the premier source for investigative reporting and political coverage on every aspect of the business of Washington and the campaign trail.,646801,73102,http://politicaldig.com,1527239134221579,,,
DailyInfo,DailyInfo.co is your top source to get informed and stay up to date with what happens in USA and worldwide. We cover the latest politics and general interest news!,65562,8043,http://dailyinfo.co,153519965088704,2005,6,4
PJ Media,"Politics. Parenting. Lifestyle. Visit www.PJMedia.com to join the conversation. Copyright © 2009 - 2017 PJ Media.""",346957,5377,http://www.PJMedia.com,15418366158,2005,11,15
Conservative Spirit,Best Place For Conservative News,16209,517,http://hourlytribune.com,1542401046056064,,,
Rinf.com,"RINF.COM and RINF.TV are alternative news websites, exposing the crimes and corruption of the global elite.",11178,40,http://www.rinf.com http://www.rinf.tv,154434341237962,,,
Conservative 101,,2122952,317661,,1544939742476831,,,
The American Cause,"We have some excellent new videos added to the website you'll find fascinating ... among them, ""Pat on Homeland Security & Immigration Reform""",114,1,http://www.theamericancause.org,154494061242776,,,
Fighting For Trump,People Who Support the film that will help Donald Trump get elected President,191678,1813,http://FightingForTrump.com,1546672678963050,,,
Right Wing Watch,Right Wing Watch (a project of People For the American Way) monitors and exposes the activities and rhetoric of right-wing activists and organizations.,143619,6124,www.rightwingwatch.org,154672041747,,,
American Journal Review,American Journal Review is a conservative news and opinion website founded by Dr. Buckley R. Arrow.,939793,224654,http://americanjournalreview.com,1554834908172384,,,
Patriot Journal,Real conservative. Real news.,1192456,101812,http://PatriotJournal.com,1557469237907508,,,
beforeitsnews.com,"Before It’s News is a people-powered news-sharing service.

We like to think of ourselves as the 'YouTube of News.'

We specialize in publishing the news that the mainstream media ignores.",405496,736,www.beforeitsnews.com,156185069843,2009,,
U.S. Related News,Latest News and interesting stories from All Around World! visit us on www.usarelated.com,65091,4417,http://www.usarelated.com/,1564924110429668,,,
Fox News,"Welcome to the official Fox News facebook page.  Get breaking news, must see videos and exclusive interviews from the #1 name in news.",15563283,2140976,"http://foxnews.com/, http://insider.foxnews.com",15704546335,1996,10,7
Political Blind Spot,Political Blind Spot Blog ,24386,4,http://www.politicalblindspot.com,157718827732542,,,
National Review,"Standing Athwart History, 24/7 www.nationalreview.com",1079653,40659,http://www.NationalReview.com,15779440092,,,
"Red, White and Right",Defending Conservatism one news article at a time. ,375277,16069,http://redwhiteandright.com,157817631307424,,,
The Federalist,Be lovers of freedom and anxious for the fray.,55308,3854,http://thefederalist.com,157843634416312,2013,9,18
Allen West Republic,"Allen West Support page since June 2009 for Executive Director of NCPA, Former FL Congressman & Retired LTC of the US Army",891902,193501,http://allenwestrepublic.com,158924294183807,2009,,
The Conservative Update,We provide the news and updates that the mainstream media wants to hide.,680075,16502,http://www.tpnn.com,1591828521031839,,,
Free Patriot Post,News for Patriots,223876,11747,http://freepatriotpost.com,1595723550651430,,,
Political Jungle,"Political informations for USA , daily and fresh informations and introductions to people who love politics, enjoy.",1847,4,http://politicaljungle.net/,1598314740470404,,,
NationofChange,"NationofChange is a 501(c)(3) nonprofit news and activist community that provides an online magazine, daily newsletter, and action resources to the public.",105776,5401,www.nationofchange.org,160260190686110,2011,,
ATTN:,,4770076,963063,http://attn.com,160389977329803,,,
Top Right News,All the News the media doesn't want you to see,22866,105,http://toprightnews.com,160617427472811,,,
Skepchick,"Skepchick is a site devoted to science, critical thinking, secularism, and feminism.",23269,14,www.skepchick.org,160712560629690,2006,,
Just Politcs Things,News about politics in the USA.,1092,8,http://secretnewsusa.com,1608786116085025,,,
The Committee to Defend the President,"Please join us and defend President-elect Donald J. Trump. The Crooked Media has shown us time and time again that they can not be trusted, we will defend him!",795896,48579,http://committeetodefendthepresident.com/,161453087348302,2013,,
Shadowproof,Reader-supported journalism dedicated to exposing abuses of power in business and government.,6435,156,http://shadowproof.com,1624162894502220,,,
Federalist Tribune,"We stand for life, liberty and the pursuit of happiness, just as our forefathers envisioned.",18150,1902,,1629588830403923,,,
Mark Levin,THE OFFICIAL MARK LEVIN FACEBOOK PAGE,1300290,52976,"http://www.marklevinshow.com, www.twitter.com/marklevinshow, facebook.com/marklevinshow",16307558831,,,
JoeMyGod,Thanks for reading JoeMyGod.com! Feel free to post breaking news stories or commentary on today's issues!,27434,7368,,163121917034901,,,
Nevo News,"Donald J. Trump, 45th President of the United States of America!",245409,25659,http://nevo.news,1631398857174555,,,
Political Cartoons by cartoonist A.F.Branco,"This is A.F.Branco's ""Cartoons Only"" page, without all the other news and information post. If you would like the other stuff you can always go to Freedom's Battle Page.",21422,3873,www.comicallyincorrect.com www.afbrancoart.com ,163201283712008,,,
SubjectPolitics,Political Opinion WITHOUT Political Correctness!,734390,297639,http://www.SubjectPolitics.com,1633304150220472,,,
Make America Great,"We stand with Trump. He is the best person in this race to ""Make America Great Again"". We support Trump but this page is not run by Donald Trump!",485449,43378,http://makeamericagreattoday.com/,1636990459913102,,,
Opposition Report,"We're a news organization dedicated to holding our government accountable.
",1509696,149033,http://oppositionreport.com,1640832309490921,,,
Gone Left,Practical news and views for the evolving modern world.  Fighting the decay of yesterday and moving towards a compassionate future.,434121,84243,http://GoneLeft.com,1641262382839336,,,
Liberty Hangout,Liberty Hangout is a growing libertarian media outlet which brings readers relevant insight into current events & promotes Austrian economics & property rights.,73536,37536,http://libertyhangout.org,1642685862611663,2015,2,11
The Shark Tank,Welcome to Florida's Political Feeding Frenzy! Join the Shark-Tank for in-depth political analysis and exclusive interviews with top newsmakers. Join us on Twitter at @thesharktank1  or online at Shark-Tank.net,40184,225,http://www.shark-tank.com,164858597334,2009,10,29
The Real News Network,"The Real News is an independent, nonprofit, ad-free news network based in Baltimore, MD.",336372,16528,http://www.therealnews.com,16512617979,2007,,
Daily Political Newswire,This is a news site with a daily updated newswire jam packed with political information. ,526,2,http://dailypoliticalnewswire.com,1660184174273654,,,
GotNews,"Got News seeks to transform journalism by empowering everyday people, experts, and sources to break news and get rewarded for their effort.",4194,169,http://gotnews.com,1665532373663056,,,
Freedom Force,http://freedomforce.com/,47,1,http://freedomforce.com/,1671569903078574,,,
Newstarget.com,"Newstarget.com aims to bring you the raw and gritty news for liberty-loving individuals.
""Where Liberty dwells, there is my Country.""",87511,6213,http://newstarget.com,1671971886350240,,,
New Century Times,The New Century Times is committed to helping find out about what's going on in the world; we share the news that you're interested in.  ,1597824,176994,http://newcenturytimes.com,1672814509645693,,,
SourcePlanet.net,For The People By The People,5808,1,http://sourceplanet.net,1676688675937974,,,
The Republican News,Our goal is to bring uncensored news to the public as they break. Also to uphold the great values of a republican democracy in every facet of our society. ,3825,3444,http://www.therepublicannews.wordpress.com,1690703604505977,,,
Fury News,,30076,64,http://fury.news,1691686751091484,,,
Conservative News Today,"Website: http://www.bizpacreview.com/
Twitter: https://twitter.com/BIZPACReview
Google+: https://plus.google.com/+BizpacReview",2951286,113987,www.bizpacreview.com,169204449790211,,,
Proud Democrat,"This page supports the Democratic Party, a major contemporary political party in the United States. We welcome everyone and oppose discrimination based on race, color, belief, gender, sexual orientation, age, physical capacity, and national origin.
",1194014,306164,,1695168340767186,,,
AlterNet,AlterNet is an online community that publishes original journalism and amplifies the best of hundreds of other independent media sources.,967414,583307,http://www.AlterNet.org,17108852506,1998,,
Tea Party Tribune,Online Tea Party resource and political news reporting.,39126,193,http://teapartytribune.com,171190156249770,,,
About 2DAY,Conservative Blog ,1132411,158410,conservativepoliticus.com,1716514921967079,,,
Read Conservatives,"Politics,Republicans and Read Conservatives",46425,2030,http://www.readconservatives.news,1722398264701093,2016,,
CounterPunch,We run stories that the corporate press never print. ,114613,12671,http://www.CounterPunch.org,172470146144666,1994,,
Tea Party,"We bring national awareness to any issue which challenges the security, sovereignty or domestic tranquility of our Beloved Nation, the United States of America.",435410,16992,http://www.teaparty.org,172526489431467,2004,,
Conservative Media,"Real conservative news.

",2457550,534244,conservativemedia.com,1726840707573399,,,
Patriot Rising,"Freedom · Liberty · Awareness & Preparedness · News & Opinion
                   Visit : http://www.patriotrising.com",1735,5,http://www.patriotrising.com,173718089482397,,,
PolitiChicks,"American politics reported by women and men activists across the U.S.

http://www.politichicks.com  ",150062,22082,http://PolitiChicks.com,174133289343084,,,
Patriots United,This is the page for proud Americans!,2544865,334254,usherald.com,1746057572287188,,,
Voices4Hillary aka Voices4America,Curated content aggregated to support the values of Hillary Clinton 2016 and to keep Democracy alive.,11594,699,Http://www.voices4hillary.com,1746239085597087,2016,,
Trump Train News,The latest breaking news about Presidential front runner Donald Trump,131105,285,http://trumptrainnews.com,1750471095167410,,,
Red Rock Tribune,The Red Rock Tribune (www.redrocktribune.com) is a conservative news and opinion website.,400893,26372,http://www.redrocktribune.com,1754194318141624,,,
Western Sentinel,Western Sentinel is a conservative news and opinion website founded by Dr. Buckley R. Arrow.,155704,9822,http://www.westernsentinel.com,1770145919930804,,,
Being Liberal,"'Being Liberal' - What does it mean to YOU?  Share with us! Join the oldest FB liberal community. Wear proudly the ""Liberal"" label, as a badge of honor! ",1674268,328369,http://www.BeingLiberal.org,177486166274,2009,11,5
Blue Democrat,The Blue Democrat is a place for Democrats to share stories and thoughts about politics that reflect progressive ideologies.,491610,28875,,1782469058666070,,,
Glenn Beck Unhinged,"A compendium of crazy/hate speech from America's #1 fear mongering tele-pundit/pastor, Glenn Beck.",949,1,http://www.GlennBeckUnhinged.com/,178739542138433,,,
American News,The official Facebook page of AmericanNews.com,5565990,226743,http://americannews.com,179035672287016,,,
American Daily Patriot,Defending patriots on a daily basis. ,132851,6538,http://americandailypatriot.com/,1810399205895315,2016,,
21st Century Wire,"""NEWS FOR THE WAKING GENERATION""",32007,951,http://www.21stcenturywire.com,182032255155419,2010,,
Vanguard of Liberty,"This is the official Facebook page of The Vanguard of Liberty. We are a political movement dedicated to promoting strong patriotic values, safety, and a sense of community.",18,0,https://vanguardofliberty.org,1827547780839216,,,
The Daily Caller,"Follow America's best source for news & entertainment.

Website: http://www.dailycaller.com/
Twitter: https://twitter.com/dailycaller",4878084,256615,http://www.dailycaller.com,182919686769,,,
My Right American,"America is the land of opportunity, let's keep it that way!",186477,20082,http://myrightamerica.com/,1829896873946966,,,
Silence is Consent,"Page launched by Independent Conservatives due to the Liberal, Lap-dog Media's refusal to cover the news. Easily offended? Leave now ...",865626,302460,http://silenceisconsent.net,183356311699411,1776,,
Faith Family America,"Let's come together to strengthen our faith, our families and our country!",5905338,721444,http://www.faithfamilyamerica.com/,184859785026060,,,
Washington Feed,Syndicated news and opinion website providing continuously updated headlines to top news and analysis sources.,58446,635,http://washingtonfeed.com/,1859989890948610,,,
Latino Rebels,"Humor, commentary, and analysis of the US Latino world. Engaging traviesos. http://latinorebels.com ",102935,5669,http://www.latinorebels.com,186457858051439,2011,2,1
PoliticusUSA,"""This site offers some of the best researched, savviest writing out there; they never fail to be on top of breaking stories.” ~~ All Things Democrat, Best Blogs of 2012",662843,70628,http://www.politicususa.com/,186473214703370,2008,,
American Conservative Herald,"Conservative viewpoints are under attack in American society, politics, and personal life.  We fight back against liberals who want to destroy our country.",134773,12453,http://americanconservativeherald.com/,186589878469568,,,
Democracy: A Journal of Ideas,"The mission of Democracy is to build a vibrant and vital progressivism for the twenty-first century that builds on the movement’s proud history, is true to its central values, and is relevant to present times.",4026,24,democracyjournal.org,188165324600426,,,
American Renaissance,,7041,179,www.amren.com,19051993499,,,
Trump Supporters,"*POLITICS
*NEWS",137474,19824,http://donaldtrumpnews.co/,1911476465739018,,,
CNSNews.com,Get a free daily e-mail briefing of everything the liberal media doesn't want you to know: http://on.fb.me/mLTvbR,2182554,47576,,19420215926,2008,6,
Washington Monthly,"The Washington Monthly has become the political magazine and website known for high-quality, ahead-of-the-pack journalism.  ",12250,268,www.WashingtonMonthly.com : twitter.com/washmonthly: pinterest.com/washmonthly/,195442743826815,,,
Chicks On The Right,"www.CHICKSONTHERIGHT.COM.
 http://twitter.com/chicksonright
On air on 93WIBC from 4-6pm ET weekdays
317-684-8444",1181335,120718,http://chicksontheright.com,195530355493,2009,2,27
Gateway Pundit,Where hope made a comeback  http://thegatewaypundit.com http://twitter.com/gatewaypundit,627356,91301,http://thegatewaypundit.com/,196087640574,,,
WD Americans Online,Official Page of http://www.WorldDailyOnline.com,4271993,567811,http://www.WorldDailyOnline.com,1969250316633715,,,
Conservative Republic,Real news for true Conservatives.  Fighting to balance out the media bias. ,63133,6474,http://theconservativerepublic.org,197043394037769,,,
ABNC News,Bringing you the latest news reporting on issues that affect you!,537036,218943,,197579543998318,,,
Intrepid Report,"Founded Sept. 5, 1998, as Online Journal. Name changed to Intrepid Report, Feb. 2011. An independent, feisty, reader-supported alternative to the corporate news media.",1398,5,http://www.intrepidreport.com,199334810084087,,,
ThinkProgress,Moving news forward. http://thinkprogress.org,1779746,76721,http://thinkprogress.org,200137333331078,1800,1,1
The Progressive Magazine,"A voice for peace, social justice, and the common good, since 1909 The Progressive has stood against militarism and the concentration of power in corporate hands. Click to subscribe -> http://goo.gl/Gw7u8 ",41180,326,http://www.progressive.org,200548226627766,1909,,
opednews.com,http://www.opednews.com/,10760,10,http://www.opednews.com,200583909956972,2003,,
MRCTV,MRCTV is the premiere video site for conservatives. Visit us at mrctv.org ,3231254,230564,http://www.mrctv.org,201956993160690,2011,4,
The American Prospect,"The Prospect is a quarterly print and online political magazine based in Washington, D.C. We're liberal, progressive, lefty—and proud of it.",109550,1641,http://www.prospect.org/,20239752285,1990,,
The Raw Story,"Like, share and read stories from America's #1 independent news and politics source. Read us at http://rawstory.com",1089361,256285,http://rawstory.com,20324257234,,,
Occupy Liberals,SEVEN days. ONE website,11986,6,http://www.occupyliberals.com,205525363134528,2016,,
Federalist Press,Conservative Analysis of Political News and Events,3626,19,http://federalistpress.com/,205858019534497,,,
Feministing.com,"Young feminists blogging, organizing, kicking ass",283074,461,http://www.feministing.com,20744822491,2012,11,7
Patriot Tribune,CowboyByte is becoming Patriot Tribune. Stay tuned!,126437,2784,http://patriottribune.com/,208385689205703,2011,,
Barracuda Brigade,100% committed to common sense conservative principles! Join our fight to save America! http://bb4sp.com/,214968,25346,http://bb4sp.com/,208763874023,2009,12,19
New Politics magazine,"Founded in 1961, New Politics is a bi-annual journal of the Left. ",2056,1,http://newpol.org/,208799592506432,,,
True Pundit,#TruePundit is a Philadelphia based conservative news organization generating original content & aggregating the best stories of the day ,2844,264,http://truepundit.com/,210081569389429,2016,6,10
The Young Turks,"Young Turk (n) - Young progressive or insurgent member of an institution, movement, or political party. http://www.youtube.com/theyoungturks",1815650,292819,http://www.tytnetwork.com,210277954204,2002,2,14
The National Memo,Smart. Sharp. Funny. Fearless. ,194950,2700,http://www.nationalmemo.com/,210357995667559,2011,,
USA Features Media,"Network of niche content sites covering news, politics, health, fitness, and self-reliance. ",12901,747,http://www.usafeaturesmedia.net,210937299260017,2015,12,
Human Events,"Human Events is the leading site for news, analysis and commentary from a conservative perspective. Follow us on Twitter @humanevents",740628,19592,www.humanevents.com,212436860202,1944,,
The College Fix,Original. Student reported. Your daily dose of RIGHT-minded campus news and commentary from across the nation. ,11514,689,http://www.thecollegefix.com/,212848742088398,2011,,
Read Me Every Day,news ,2373,12,www.readmeeveryday.com,214752375232773,2011,7,2
Patriot Update,"http://www.patriotupdate.com To counter the blatant bias of the mainstream media, The Patriot Depot is sponsoring a Free Press web site called, The Patriot Update.",274028,5571,http://www.patriotupdate.com,215148520550,,,
Godfather Politics,"http://godfatherpolitics.com Exposing Gangster Government. It's Not Personal, It's Politics.",20562,595,http://godfatherpolitics.com/,216931248339739,2011,,
Daily Progressive,Daily Progressive brings you the social justice analysis missing from mainstream media.,235292,52,https://resistmedia.org,217722751695604,,,
Smirking Chimp,"News and Commentary from the Vast, Left-Wing Conspiracy. Visit our web site, updated daily since December 2000: http://www.smirkingchimp.com",6513,51,http://www.smirkingchimp.com http://twitter.com/SmirkingChimp,218610566124,,,
One America News Network,"Delivering unbiased, substantive national & international news 24/7, One America delivers informative coverage on topics that impact your lives.",199024,22282,http://www.oann.com,220198801458577,,,
Allen West,"LTC (Ret), author of Guardian of the Republic, Fox News contributor & former U.S. Congressman. Visit allenbwest.com & NCPA.org. ",2750841,359656,http://allenbwest.com,22067606728,1961,2,7
Conservative Post,We are Conservative.,1598130,413262,http://conservativepost.com,221573484697614,,,
Against Crony Capitalism,We examine what happens when special interests and the state merge.,443057,12868,www.againstcronycapitalism.org,222149727806378,2011,,
iPatriot,Open source news from regular people to regular people.,208043,9412,http://ipatriot.com,222920264405712,2016,5,1
American Action News,News for the Conservative movement sweeping across America.,1006279,8263,http://americanactionnews.com,223008867858902,,,
Hudson Institute,"An independent policy research organization dedicated to innovative research and analysis that promotes global security, prosperity, and freedom.",9956,87,www.hudson.org www.youtube.com/hudsoninstitute www.twitter.com/hudsoninstitute ,22799114577,1961,,
Wayne Dupree Show,"Wayne Dupree hosts 'The Wayne Dupree Show' Mon-Fri 9-10 PM ET on Spreaker, iHeartRadio, iTunes, Stitcher Radio, Tune-In and YouTube. Download the free Wayne Dupree Show app in Android/iPhone Store",354010,59902,http://www.waynedupree.com,228565633877379,2012,2,17
ClashDaily.com with Doug Giles,http://clashdaily.com/ News & Opinion. Attitude & Action. ClashTV. God & Country Fodder. Dude Stuff.  Run and hide weinies.,1231022,110952,http://clashdaily.com/,228702593913193,2012,,
Equal Voice News,Reporting at the intersection of poverty and policy in America.,10417,13,http://equalvoicenews.com,22931596946,2007,,
Quin Hillyer,http://quinhillyer.com/ Senior editorial writer for the Washington Times and a senior editor for The American Spectator magazine.,160,0,http://quinhillyer.com/,229475497245882,,,
Victoria Jackson,,57125,140,"victoriajackson.com, http://en.wikipedia.org/wiki/Victoria_Jackson, http://www.imdb.com/name/nm0414130/",229633827099583,,,
Big League Politics,America's NEW source for hard-hitting investigative political journalism.  Come watch us play. ,2993,367,BigLeaguePolitics.com,229812467461262,2017,1,1
TomDispatch,TomDispatch.com is for anyone seeking a deeper understanding of our post-9/11 world and a clear sense of how our imperial globe actually works.,41008,3975,http://www.tomdispatch.com,230537773698519,2001,,
BlackListed News,"The show brings some of the best guests  and cutting edge topics to the show. Topics discussed on the broadcast cover a BROAD RANGE of areas, with a primary focus on war and freedom in the technocratic age of the 21st century. ",8399,196,http://www.blacklistednews.com,235651699018,,,
Total Conservative,The Total Conservative website,466,2,http://totalconservative.com/,235880153440564,,,
Project Veritas,"Project Veritas was founded by James O’Keefe to investigate and expose corruption, dishonesty, self-dealing, waste, fraud and other misconduct.",165298,3245,www.projectveritas.com,236763656409160,2010,,
Vision to America,"Founded in 2006, Vision to America exists to help America return to our Founding Father’s vision for a Christian Republic.",14112,139,http://visiontoamerica.org,239225158893,,,
Freedom Outpost,Visit our website at http://FreedomOutpost.com,107683,6867,http://freedomoutpost.com,241732562599215,,,
Now The End Begins,"End Times Bible Prophecy. The war is real, the battle hot, and the TIME is short...to the fight!!",150646,4684,http://www.nowtheendbegins.com,245481491808,2009,12,15
Michael Moore,http://www.michaelmoore.com/,2265031,4664,www.michaelmoore.com www.mikeshighschoolnews.com,24674986856,,,
Patriot Outdoor News,Pro-God. Pro-Gun. All Country. http://patriotoutdoornews.com,234955,3284,http://patriotoutdoornews.com,248272551923470,,,
Information Clearing House,News You Won't Find On CNN,2455,816,http://www.informationclearinghouse.info,248468565222626,,,
MinuteMen News,"http://minutemennews.com honors the minuteman spirit: patriotic, politically enthused, poised to help when the need arises. We are your New Media Militia.",76907,1900,http://www.minutemennews.com,249924365130007,2012,,
Bipartisan Report,We bring the news. Tweet us at @Bipartisanism.,1283131,213117,http://www.bipartisanreport.com,253546571389025,,,
The Political Herald,"ThePoliticalHerald is an online site that content politics news. ”thepoliticalherald” is a multi-platform offering that, for the first time, provides viewe",8199,3058,,255358528223922,,,
US News Feed,Follow us for the latest news in US,17850,342,http://uspoliticsinfo.com/,256185128065500,,,
Media Matters for America,"Media Matters is a progressive research center that monitors, analyzes, & corrects right-wing misinformation.",774892,199970,http://www.mediamatters.org,26595441166,2004,5,
63red,"Conservative news on iPhone, iPad and web.",50,0,http://63red.com,267165846826107,,,
Shareblue,"The official Facebook page of Shareblue
",1350715,176473,http://www.shareblue.com,268311603350722,,,
Michelle Malkin,"Senior Editor, Conservative Review",1843837,4816,http://www.michellemalkin.com,269123710083,1970,,
Conservative Nation,Top Place for Conservative News,98095,26252,http://www.redherald.com,269815666696444,,,
RealClearPolitics,"RealClearPolitics (RCP) is an independent, non-partisan media company that is the trusted source for the best news, analysis and commentary. ",113010,3182,www.realclearpolitics.com,27088225427,2000,,
Laura Ingraham,Weekdays 9am - noon EST http://lauraingraham.com/stationfinder,1265334,91763,"www.LauraIngraham.com
http://twitter.com/IngrahamAngle",271042954725,1963,6,19
MSNBC,"The destination for in-depth analysis of daily headlines, insightful political commentary and informed perspectives. http://www.msnbc.com",1964609,123642,http://www.msnbc.com,273864989376427,1996,7,15
Mint Press News,"Independent watchdog journalism exposing the detrimental effects of imperialism, corporatocracy & the fading away of our civil liberties. ",364876,29989,www.mintpressnews.com,277613075615568,2013,2,20
Washington Free Beacon,"Newsletter: http://freebeacon.com/newsletter/
STORE: https://wfb-store.myshopify.com/
Instagram: http://instagram.com/washingtonfreebeacon
",730459,35053,http://freebeacon.com/,282024895179874,2012,2,7
Modern Liberals,Because the 19th Century already happened.,63973,34169,http://www.progressivefrontier.com,282183791902004,2016,1,
Analog Politics,"A variety of methods are deployed in politics, which include promoting or forcing one's own political views among people, negotiation with other political ",1411,3,http://analogpolitics.com/,283521255350943,,,
GOVTSLAVES.info,,15005,46,http://www.govtslaves.info,288607251359,,,
Bradlee Dean,"http://sonsoflibertyradio.com Bradlee Dean is an ordained preacher and founder of his ministry, You Can Run But You Cannot Hide International",613624,37499,http://www.sonsoflibertyradio.com,289189664545158,1998,,
Deneen Borelli,"Conservative Review Chief Political Correspondent, Fox News contributor and author of ""Blacklash.""",168905,3907,http://deneenborelli.com/,289741874474112,,,
Stacy on the Right Show,"The syndicated SOTR Show:
Daily at 2pm CT on Urban Family Talk
Live stream:
urbanfamilytalk.com",71098,11242,http://stacyontheright.com,292949924146549,,,
FrontPage Magazine,"The Freedom Center’s online magazine, features some of America’s most provocative writers and analysts. Their commentary captures the nation and the world.",37507,662,http://frontpagemag.com,296396490870,,,
David Swanson,"Author, Activist, Blogger",9019,484,http://davidswanson.org,297768373319,1969,12,1
Controversial Times,Daily updated news portal that cuts through the typical mainstream media bias on both sides of the political spectrum,5270,6,http://controversialtimes.com,297993800365881,2013,10,11
The Daily Signal,"The Daily Signal is a news media platform designed to deliver quality reporting, research and commentary on the most important issues facing the country. ",696614,75621,http://www.dailysignal.com,300341323465160,,,
Jayda Fransen,,198024,74172,http://www.jaydafransen.uk,303920943326669,,,
Counter Propa,"Counter Propa is a new publication from H. A. Goodman that cuts through establishment propaganda. Progressives, Independents and Conservatives will enjoy. ",2583,244,http://counterpropa.com,305147709883415,,,
Revive America,Conservative News & Politics,267846,7844,http://www.ReviveUSA.com,305986132775543,2011,12,1
Mean Left Hook Politics,Politics with a mean left hook,85878,14657,,306406853053018,2016,11,9
Commentary,Subscribe to our amazing weekly podcast for free on iTunes http://apple.co/1WFraYG,57920,783,http://www.commentarymagazine.com,30719304648,1945,11,
100 Percent FED Up,We are two moms inspired by the life of Andrew Breitbart. Our goal is to expose the lies of the Left. www.100percentfedup.com,1579365,174924,http://100percentfedup.com,311190048935167,2012,3,
Occupy.com,An Independent nonprofit News and Media site for the 99%. Occupy.com,6298,164,http://www.occupy.com,318434574849521,,,
Twitchy,Michelle Malkin's ground-breaking Twitter aggregation site,1272448,26862,www.twitchy.com,319569361390023,2012,,
Revoke Corporate Personhood -- Reclaim Democracy!,"http://reclaimdemocracy.org - dedicated to restoring democratic authority over corporations, reviving grassroots democracy, and appropriately limiting corporate influence.",5264,210,http://reclaimdemocracy.org,320274540972,2001,,
CommonDreams,"Breaking News & Views for the Progressive Community
Independent, non-profit newscenter established in 1997.
",364942,13789,http://www.commondreams.org,32109457015,1997,,
The American Conservative,Realism and reform. A new voice for a new generation of conservatives.,55083,3624,www.theamericanconservative.com www.twitter.com/amconmag,32125256650,2012,5,14
US INFO News,Visit us and stay informed...,15463,4806,http://usinfonews.com/,322521158087556,,,
Blue Lives Matter,"Dedicated to the warriors who stand on this line, to those who wage war in the streets, to those we have lost and will lose, to our brothers and sisters.",1649965,220994,https://www.bluelivesmatter.blue,326614387531342,2014,,
Conservative Intelligence Briefing,The Conservative Intelligence Briefing is your best source for insider news and information about Conservative Republican candidates and politics.,300511,1184,www.conservativeintel.com,329417987110870,2012,2,24
National Liberty Federation,"Join: http://www.libertyfederation.com


",359852,428144,http://www.libertyfederation.org,330201017032791,,,
Conservative Daily,Defending the US Constitution against the main stream liberal media.,451933,24473,https://conservativedailypost.com/,330474400493018,,,
Crooks and Liars,Specialists in untangling the lies of right wing media.,132393,9982,www.crooksandliars.com,33455892182,2004,,
Patriot.tv,"The newest sibling in the Liberty Alliance family which features conservative journalists and celebrities like Victoria Jackson, Kirk Cameron and others.  ",347,0,http://patriot.tv,335723946520373,,,
The Daily Banter,"“Now that I read ‘The Daily Banter’ there is no need for Gawker on my news feed”

",37930,15624,www.thedailybanter.com,340005092689907,2007,,
NowThis,All the videos you need to stay on the news.,11664950,3499645,http://weibo.com/NowThis,341163402640457,2012,,
NextNewsNetwork,America's 1st 24/7 Liberty News Network - Like our page for the latest breaking news that affects your freedom!,20192,349,http://www.NextNewsNetwork.com,343548022384805,2011,12,22
Red Alert Politics,"An online publication written by young conservatives for young conservatives, featuring politics and policy, political entertainment, and much more.",143337,9784,RedAlertPolitics.com,344637645551128,2012,2,9
Occupy Democrats,"Occupy Democrats, a merger of the goals and interests of Occupy with those of the Democratic Party, is the biggest grassroots political organization/information website in the country.",6665043,2085459,www.occupydemocrats.com,346937065399354,2012,9,21
Liberty Unyielding,"http://libertyunyielding.com The natural progress of things is for liberty to yield and government to gain ground.
— THOMAS JEFFERSON, 1788",95343,3789,http://libertyunyielding.com,350154138430441,2013,2,19
GOPocalypse,GOPocalypse is dedicated to providing a safe space for liberal snowflakes to hang out and troll the sh*t out of Trumpsters,112804,17309,http://www.gopocalypse.org,352859651422892,2012,4,
Upworthy,Upworthy is on a mission to tell stories that bring people together — because we’re all part of the same story. Found something #upworthy? ,11255052,753764,http://www.upworthy.com,354522044588660,2012,3,
Conservative Videos,Play Right.,55942,953,conservativevideos.com,357239084310002,2012,,
The New Civil Rights Movement,The New Civil Rights Movement is an award-winning progressive politics and LGBT news site.,393218,26203,http://thenewcivilrightsmovement.com,358168880614,2009,12,7
Power Line,http://www.powerlineblog.com,10131,8,http://www.powerlineblog.com,359519977908,2002,,
Joe the Plumber,"Don't Spread My Wealth Spread My Work Ethic. Lets's start the next movement, the American Movement! ",829592,110786,http://joeforamerica.com,359591544295,1973,12,3
The Washington Times,The Washington Times is a general interest daily media publication focused on important news generated from the nation's capital.,590080,27794,www.washingtontimes.com,35994014410,1982,,
Conservative Firing Line,"The Facebook community for The Conservative Firing Line blog, where we discuss matters important to conservatives.",75351,29687,http://conservativefiringline.com,362730580442134,,,
Progressive Liberal,"Advocating for a better America by promoting equality, fairness, and social well being.  ",96461,21051,http://www.progressiveliberal.net/,363572153995471,,,
Bullets First,"Bullets First is a modernization of the ancient Greek ""Molon Labe"".  That is to say, it is the philosophy and mindset that if someone wants to remove your freedoms and rights, they must come and take them.",3502,8,http://bulletsfirst.net,363901400376803,,,
The New Observer,The official Facebook page of The New Observer,4251,1875,http://www.newobserveronline.com,364255317006684,2013,3,17
Groopspeak,"Organize, Educate and take action.",637321,139852,http://news.groopspeak.com,369527829841639,,,
Daily News,,4346,1,http://www.interestingdailynews.com/,372220329789295,,,
ThePopulist.buzz,ThePopulist.Buzz is a political journal co-founded by Bob Dreyfuss and Max B. Sawicky. It can be found on the web at ThePopulist.Buzz. ,214,0,http://ThePopulist.Buzz,372907709740736,,,
VDARE.com,,9959,719,www.vdare.com,385640741463156,1999,,
Yes I'm Right,The voice of the nation. ,1490848,165190,,387740238090754,2015,7,4
Right Wing News,"The best conservative news, views, and interviews.",3588476,340615,rightwingnews.com,389658314427637,2001,1,
Everyday Feminism,Check out our online magazine ~ Learn how to apply feminism to your real life and heal from and stand up to everyday oppression. www.everydayfeminism.com,566089,20029,http://www.everydayfeminism.com/,392570397445248,2012,7,26
Jan Morgan,Nationally Recognized 2nd Amendment Speaker/ NRA and State Police Certified Instructor/RSO/ Award winning Journalist/Owner of The Gun Cave  Indoor Range,161768,2855,http://www.janmorganmedia.com,396509850402862,,,
Gatestone Institute,"Gatestone Institute, a non-partisan, not-for-profit international policy council and think tank is dedicated to educating the public about what the mainstream media fails to report.",33262,2418,http://www.gatestoneinstitute.org,398203740209235,2012,,
Washington Examiner,"Political news and analysis about Congress, the president and the federal government.

Twitter: @dcexaminer
Instagram: @washingtonexaminer",710784,42267,http://www.washingtonexaminer.com,40656699159,,,
Independent Journal Review,The latest from Independent Journal Review.,444677,8163,http://ijr.com,406726216017535,2012,,
Trump's for America,,183,0,www.topallnew.com,408532246163750,,,
American Family Radio,AFR exists to help motivate and equip individuals to restore American culture to its moral foundations. ,71366,620,http://www.afr.net,41246929603,,,
The Mental Recession,It is time to return America to the principles upon which she was founded.It is time to restore America to her conservative roots.,63058,1554,http://www.menrec.com,415136781839268,,,
Townhall.com,Townhall.com is the place for proud conservatives. LIKE us!,1301389,23496,www.townhall.com,41632789656,1995,,
The Republican Coffee Corner with Angela,"Daily inspirational musings of the conservative kind with Dr. Angela Graham-West.  Hope that it makes you think, reply and react in a positive manner! Please report any abuse.  Offenders will be banned.",17190,18,http://angelagrahamwest.org/,428053320608798,2013,2,
Dana Loesch,"Nationally syndicated radio host, television commentator, best selling author, NRA National Spokesperson. All opinions mine. ",298285,32947,http://www.DanaRadio.com,42872222699,,,
Daily Kos,NEWS * COMMUNITY * ACTION - Join the conversation at www.dailykos.com,1336209,150650,www.dailykos.com,43179984254,,,
Liberty Writers,Real conservativism without all the B.S.,1727936,287964,http://www.libertywriters.com,433261566868387,2016,3,28
AHTribune,The official Facebook page of 'American Herald Tribune',3380,1905,http://www.ahtribune.com/,433443503516781,,,
Freedom Daily,Conservative News With an Opinion! ,2220211,354778,http://www.FreedomDaily.com,440106476051475,2015,6,1
The D.C. Clothesline,"Airing Out the ""Dirty Laundry"" of Government, Big Business, or Anyone Else Who Stands in the Way of A BETTER America!",108568,5599,http://www.dcclothesline.com,440522575997388,2012,12,3
Political Outcast,Confronting the Establishment Since 1776 -- www.politicaloutcast.com,8218,177,http://www.politicaloutcast.com/,445073642279965,,,
In These Times,"In These Times is a progressive monthly magazine dedicated to covering and analyzing popular movements for social, environmental and economic justice.",127049,44710,http://www.inthesetimes.com http://www.twitter.com/inthesetimesmag ,44667476574,,,
American Enterprise Institute,Cherish freedom? The power of enterprise? Opportunity for all? It's these core beliefs that drive the scholars and staff at the American Enterprise Institute.,304538,4785,http://www.aei.org,44951363957,1943,,
Last Resistance,http://lastresistance.com/,63,0,http://lastresistance.com/,454266821426024,,,
The News Doctors,Changing The Way You View News,1500,4,http://thenewsdoctors.com,454994297918305,,,
Democratic Underground,The official Facebook page of Democratic Underground. Visit us at http://www.democraticunderground.com,84090,3624,http://www.democraticunderground.com http://twitter.com/demunderground,455410617809655,2001,1,20
"Economy In Crisis, INC.",America's trade policies directly and indirectly effect every American citizen. We must be aware of the problems and understand how to fix them. ,24080,12,,456512747696523,,,
The Right Scoop,The Right Scoop is a political and media blog interested in truth.,98576,2619,http://www.therightscoop.com,460197020720819,,,
Vessel News,The conservative media redefined. ,11240,1619,http://vesselnews.io,462215667303888,2016,3,18
Dc Gazette,America's Best Conservative News Source,430482,28075,http://www.dcgazette.com,463855417049923,,,
Demos,An equal say and an equal chance for all.,129403,1058,http://www.demos.org,46587884802,2000,,
Conservative Review,ConservativeReview.com goes beyond empty rhetoric of traditional political media to give conservatives the unfiltered truth about politicians & policies.,1542369,41054,https://www.conservativereview.com,475549362567960,,,
DeadState,"The human condition from an L.A. perspective.

Instagram: http://bit.ly/DeadStateInsta

Twitter: http://bit.ly/DSTweets",187174,90405,deadstate.org,479687202044787,2012,6,19
THE NEWS COMMENTER,"Breaking news discussion. Click ""like"" and get commenting at http://www.TheNewsCommenter.com. Follow @newscommenter",2180,22,http://www.thenewscommenter.com,493304957381719,,,
The Blacksphere,Race-Pimping: the multi-trillion dollar business of Liberalism is OUT! http://racepimping.com,567166,93324,http://www.theblacksphere.net ,49867377595,2008,,
Freedom Pulse,"Conservative news, videos, and meme's! Nothing's based on my truth or your truth -- but God's transcending Truth.",15188,10,http://thetruthdivision.com,501786380024121,,,
Citizens United,"Citizens United is an organization dedicated to restoring our government to citizens' control. Citizens United seeks to reassert the traditional American values of limited government, freedom of enterprise, and national sovereignty and security.",434335,738,http://www.citizensunited.org/ http://www.citizensunitedfoundation.org/ http://www.cupvf.org/ http://www.firefromtheheartland.com/ http://www.battleforamericamovie.com/ http://www.generationzeromovie.com/ http://www.americaatrisk.com/ http://www.RediscoverOurHeritage.com/ http://www.PerfectValor.com/ http://www.ReaganDocumentary.com/ http://www.wehavethepowermovie.com/ http://www.blockingthepath.com/ http://www.hypemovie.com/ http://www.hillarythemovie.com/ http://www.rediscoveringgodinamericamovie.com/ http://www.borderwarmovie.com/ http://www.acluthemovie.com/ http://www.brokenpromisesmovie.com/ http://www.celsius4111.com/,50513265848,1988,,
Hillary for Prison,Holding Hillary Clinton Accountable!,1289998,62650,,507165509486196,,,
DC Statesman,We seek to be a disruptive force in the news industry.,383626,397390,http://DCStatesman.com,511928619002683,2016,,
Dennis Michael Lynch,"DML is an award winning entrepreneur, filmmaker, public speaker, and host of THE DML REPORT. ",1025816,97145,http://dennismichaellynch.com,513600888679373,2013,2,18
Mad World News,"The Voice of Reason in an Insane World
Twitter: https://twitter.com/MadWorldNews
Google+: https://plus.google.com/+Madworldnews",1640470,686162,http://madworldnews.com/,513813158657249,,,
The Patriot Post,It's Right. It's Free. Subscribe at http://patriotpost.us/subscription/new?ref=fb,519762,7712,http://patriotpost.us/,51560645913,,,
Usa Politics AllNews,"
news about politics in USA",941,0,,515629708825640,,,
Conservative Tribune,"The Conservative Tribune was founded to counter-act the mainstream media's open bias against conservatism, capitalism, and the U.S. Constitution.",4077149,229650,http://www.ConservativeTribune.com,519305544814653,,,
TruthFeed,Truthfeed Proudly Endorsed Donald J. Trump for President ,654198,64112,http://truthfeed.com,520289594804628,,,
American Greatness,American Greatness is the leading voice of the next generation of American Conservatism.,11626,1018,http://www.amgreatness.com,522359791285231,,,
I Hate Hillary,Please help us do whatever we can to make sure Hillary Clinton does not become the next President of the United States of America,387025,74519,http://ih8hillary.com,533719316792782,,,
Dissent TV,,4777,3,https://dissent.tv,540157359523493,,,
Red Nation Rising,"""Red Nation Rising"" is our growing community of Patriotic Centrists, Conservatives & Libertarians uniting to the right for civics and constitution!",9798,222,http://www.rednationrising.us,542681229094582,2012,11,10
Today-News-24,Best Politics Source,11036,15,http://to-day-news-24.com/,544518465756524,,,
USA Magazine Studio,Stay tuned with the latest USA news.,54,0,http://usamagazinestudio.com,547477122099171,,,
Dissent Magazine,,37825,624,www.dissentmagazine.org ,54789869630,1954,,
Right Pundits,"Right Pundits is a political gossip and news organization.
http://rightpundits.com
@rightpundits
http://youtube.com/rightpunditsmedia",344,0,"www.rightpundits.com
military.rightpundits.com
food.rightpundits.com
law.rightpundits.com
celebrity.rightpundits.com
sports.rightpundits.com",55076937573,,,
Forward Progressives,"Forward Thinking For Progressive Action
www.ForwardProgressives.com
www.twitter.com/ForwardProgs",352730,23375,http://www.forwardprogressives.com,551987771496911,2012,12,20
Stand With Liberty,,1408944,2929,http://grassfire.com,552194911539549,,,
Bernie Sanders Lovers,Please click on 'see first' so you actually get my posts and articles in your feed occasionally.,101709,10746,,552538524928728,2016,3,8
Informed Comment,A mild mannered professor single-handedly battles all the bull crap we're fed about the rest of the world.,11833,258,http://www.juancole.com,55803739618,,,
Truth Revolt,Using the left's own tactics against them; punching back twice as hard.,37945,378,http://www.truthrevolt.org,563531023712949,,,
America's Freedom Fighters,"REAL NEWS FROM REAL PATRIOTS.  CHECK OUT OUR WEBSITE.
http://www.americasfreedomfighters.com ",588022,375032,http://www.americasfreedomfighters.com,568982666502934,,,
The Common Sense Conservative,Common Sense So Blunt You Can Smoke It!,484089,52922,http://www.CSCMediaGroupUS.com,572064949480977,2014,11,24
Truth And Action,"I'm tired of saying nothing & doing nothing. It's time we rally together, get the truth out & make changes to the system.
http://www.TruthAndAction.org",878386,61869,http://www.TruthAndAction.org,574747565911344,,,
American Center for Law and Justice,The ACLJ & its globally affiliated organizations are committed to ensuring that freedom & liberty are viable in the United States & around the world.,4088359,156428,http://www.aclj.org/ http://twitter.com/JaySekulow/ http://JordanSekulow.com http://twitter.com/jordansekulow,58158120046,,,
Conservative Army,,128056,44856,http://conservativearmy88.com/,590630060984225,,,
Tell Me Now,"Tell Me Now is home to the hottest stories, hacks, and videos on the web. ",2478665,158960,http://www.TMN.today,591402597574018,2014,1,
Donald Trump Is Our President,"Unofficial Page Honoring The 45th President of the United States of America, Donald J. Trump",3069603,194853,http://tothedeathmedia.com,592074077639509,,,
SGS News,"All Top News
",1136,0,http://sgsnews.com/,597953296965194,,,
AMERICAblog.com,American political blog covering US and international politics from a Democratic perspective.  @americablog @americabloggay,10682,357,"http://www.AMERICAblog.com
http://gay.AMERICAblog.com
http://elections.AMERICAblog.com",60190486539,2004,,
U.S. Politics,,49955,11653,,607019026153835,,,
Liberal American,,2111339,108106,dieharddemocrat.com,610045389164725,,,
Patriotic Folks,A Patriotic Approach to News,853119,281671,http://thetruthdivision.com,625416194262163,2015,4,
Fix This Nation,Save this nation. Like this page to learn how.,10261,9,http://www.fixthisnation.com,626080910791883,,,
NewsBusters.org,"America’s leading media watchdog in documenting, exposing and neutralizing liberal media bias.",2785792,73938,http://www.NewsBusters.org,6333396177,2007,,
Restore American Glory,Restore American Glory website,303,2,http://www.restoreamericanglory.com/,634446283374728,,,
TRUMP TRAIN,"#TRUMPTRAIN
Jump Aboard or get run over! If you're not a Snowflake, get on board and join the movement. No safe spaces. We love President Trump! #MAGA",467274,60471,http://swampdrain.com,639552979481215,2015,,
End The Fed,A movement to End The Fed.,365486,1626,http://endingthefed.com/,644891892279936,,,
Barbwire.com,http://barbwire.com,16917,495,http://barbwire.com,645859405473969,,,
Truthdig,"Drilling Beneath the Headlines
www.truthdig.com
https://twitter.com/Truthdig
m.truthdig.com",242517,9359,http://www.truthdig.com,64639136366,2005,,
Second Nexus,We are crusaders on a mission to declutter the Internet highway by providing content that not only entertains but enlightens.,49360,424,"http://secondnexus.com, plus.google.com/+Secondnexus2NEX, linkedin.com/company/second-nexus, twitter.com/SecondNexus, http://pinterest.com/secondnexus",651833651535152,,,
USA Supreme,"Welcome to USA Supreme! We strive to be the best source for Political, Government, Cultural, Economic and Technological information and news. We will report everything the mainstream media ignores! Enjoy!",202599,12081,http://www.usasupreme.com,667824596689766,,,
USA News Studio,Usa and World Politics,108345,9055,http://americantoday.news/,689005071241062,,,
Ann Coulter,Ann Coulter is a twelve-time New York Times bestselling author and right-wing polemicist. #AdiosAmerica,686489,43014,http://www.anncoulter.com,695526053890545,2015,,
Sean Hannity,"Sean Hannity hosts 'Hannity' on the Fox News Channel and 'The Sean Hannity Show,' the second most listened to radio talk show in America.",3180094,188534,http://www.hannity.com/  http://www.foxnews.com/hannity,69813760388,1996,,
CSC Media Group US,Bringing You News That Matters!,13465,1185,http://cscmediagroupus.com,706919156150156,2017,1,1
Justice Writers,"Progressive News | Creating Justice Through Awareness.

We seek to unite communities creating social justice. Making sense of the world one day at a time.",204229,92215,http://justicewriters.com/,729272437222215,2016,11,
Political Illusions Exposed,Providing a glimpse into our future under Liberalism,737,0,http://politicalillusionsexposed.com,730086470386080,,,
Reverb Press,Reverb Press - Stories That Resonate.,792957,245071,http://www.reverbpress.com,731244080298286,2014,11,12
The American Mirror,Reflections of our times & culture,117859,632,http://theamericanmirror.com,735302356547665,,,
The Frisky,"Relationship Tips, Celebrity Gossip & Sexy Fun",112826,858,www.thefrisky.com,7458504675,2004,,
Liberty Talk FM,LIVE political talk radio.,10133,3,http://LibertyTalk.fm,749061648443344,2013,11,
USA 24, If You're Proud To Be An American.,271222,5612,http://www.usatwentyfour.com/,752089438256272,2015,12,1
If You Only News,News,579218,35870,http://www.IfYouOnlyNews.com,762592150466931,,,
The Nation Magazine,Instigating progress since 1865. Subscribe: http://bit.ly/2thSxmx,620870,73549,thenation.com,7629206115,1865,7,6
Mother Jones,"Investigative journalism, politics, chart-tastic, sometimes sarcastic.",1545183,146384,www.motherjones.com,7642602143,1976,,
Daily News 24/7,,1045,3,http://www.dailynews24-7.com,767739230029205,,,
IOTW Report,"The original core: Irony Curtain, Mr. Pinko, Hippie Critic, Admin Girl, BigFurHat
",783,69,http://iotwreport.com/,768969409823211,,,
American Patriot Daily News Network,American Patriot Daily is a conservative news and opinion website.,382506,38519,http://www.americanpatriotdaily.com/,769354053132340,,,
In Democrats We Trust,In Democrats We Trust!,641395,41288,,776713152468040,,,
Big American News,News and entertainment.,8059,46,http://bigamericannews.com,778293698901245,,,
Liberty Viral,"Liberty Viral is a website devoted to the best libertarian viral content on the web.
Twitter @LibertyViral ",23400,2757,http://www.libertyviral.com,799007653446065,,,
InfoWars,"Watch the free video stream www.infowars.com/show
 Because There Is A War on For Your Mind!
www.infowarsnews.com",795716,58964,www.infowars.com,80256732576,1996,,
The Rebel,"TheRebel.media: A fearless source of news, opinion and activism. And some fun, too",138454,19105,http://www.therebel.media/,811793512220923,2015,2,13
Countercurrents.org,"www.countercurrents.org provides   news, views & analysis on key issues that threaten the very existence of humanity and other species on our planet",88264,411,http://www.countercurrents.org,81307324765,2002,3,27
The Trump Media,Website coming soon...,63551,9432,,822016851270450,,,
SpartaReport,A Conservative news and opinion website providing continuously updated headlines with commentary on daily events and breaking stories.,3054,20,https://www.spartareport.com,824651571003336,2016,2,
Us viewer,United States News,349,2,http://www.usviewer.com/,825897147516847,,,
Higgins News Network,Higgins News Network aggregates and reports world news and political issues with a focus on government corruption and environmental activism.,743,0,http://www.alexanderhiggins.com,827052560703226,,,
Truthout,Truthout is a nonprofit organization dedicated to providing independent news and commentary on a daily basis. Follow us on Twitter: @Truthout.,748762,12584,http://www.truth-out.org,83865976093,2001,,
Newsmax,Newsmax brings you exclusive stories the major media won't report. ,1199572,25180,http://www.Newsmax.com,85452072376,1998,,
usdefensewatch.com,"US Defense Watch - news and commentary on military readiness, policy, history and veterans issues.",1320,54,http://usdefensewatch.com,870254066367607,,,
The Angry Patriot,"We're SICK AND TIRED of the establishment telling us how to live our lives.

We're taking America back. It's time to make America great again.",1109597,27044,http://www.angrypatriotmovement.com/,872535699511452,2015,12,29
Right Edition Your Conservative Right Wing News Website and Blog,"RightEdition.com is your #1 source for all news on gun rights & gun laws, conservative news updates and right wing news commentary.",1098,30,http://www.rightedition.com,879232675425585,,,
Daily News Bin,Daily News Bin is the place for news and insight about politics and elections.,71497,7205,http://palmerreport.com,879307625456770,,,
Today Politics,"Everything about daily news,politics,media.",242094,48547,http://todaypoliticsus.com/,879418882166765,,,
Political Ears,The inside scoop on American politics and news with a distinct conservative perspective.,70,0,,882703445081566,,,
Accuracy in Media,"The premiere source for conservative news and media criticism.
@AccuracyinMedia www.aim.org",12471,192,http://www.aim.org,8936818385,1969,,
DC Whispers,A peek Behind The Political Curtain...,3712,3982,http://DCWhispers.com,897023440417172,,,
Excalibur News,Slicing Through the Mainstream Media.,38453,43558,http://www.excaliburreport.com,903791689730369,,,
Foreign Policy Journal,"News, analysis, and commentary on US policy and international affairs from outside the standard framework offered by the mainstream media establishment.",15345,77,https://www.foreignpolicyjournal.com,91414372270,2008,,
WeaselZippers,Scouring The Bowels Of The Internet,4248,299,http://weaselzippers.us/,916120348409972,2008,1,1
World News Politics,"If we ever forget that we are One Nation Under God, then we will be a nation gone under. - Ronald Reagan",2107026,335122,http://www.worldnewspolitics.com,929534787140343,2015,9,9
Rewire,"Evidence. Public Health. Human Rights.

News, information, and commentary on reproductive rights and justice.",110470,9325,https://rewire.news,9432926737,2006,6,
Think Right Politics,This is Think Right - Inspiring thought since 2016 - Our editors are Josh Gray and Rachel Klaus - ,1591,6,thinkrightpolitics.com,945145548946376,2017,3,22
Insta world news,hello… we have started this blog for all latest news…,914,0,http://www.instaworldnews.com,946155132159916,,,
Breitbart,Breitbart News (www.breitbart.com) is a conservative news and opinion website founded by the late Andrew Breitbart.,3524540,543547,http://www.breitbart.com,95475020353,2012,11,16
American Update,"Social, Culture, & Entertainment News",33825,904,http://americanupdate.com,956112704484286,2016,6,
Jeffrey Dunetz's The Lid Blog,,119187,2641,http://lidblog.com,961038380624167,,,
Liberal Mountain,On top of the mountain is a place where everyone matters. We have three admins who are all liberal combat veterans. ,146796,55855,http://www.LiberalMountain.com,968877143183195,,,
Tammy Bruce,"Official Page for Radio Talk Show Host, Columnist and Author Tammy Bruce. Become a Tammy Army Member! http://tammybruce.com",89598,2141,http://TammyBruce.com,97464672662,,,
The Proud Conservative,"Conservative articles, images and videos that deliver a message mainstream media chooses to ignore.",741768,26966,http://proudcons.com,978296472213431,2015,9,27
Proud Liberals,LIKE if you are a Proud Liberal!,2413702,158502,http://RealtimePolitics.com,979613892126968,,,
Talking Points Memo,"Welcome to the Talking Points Memo Facebook page. Like, share, and engage with us on all the breaking news from Team TPM.",417009,12381,www.talkingpointsmemo.com ,98658495398,2000,,
Pro-America News,We tell the real news about America that the mainstream newspapers will never tell you. This is the pro-America page.,298593,12231,http://ProAmericaNews.com,993293174040189,,,
